step,omega_ci_t,k,E_perp,E_parallel
3000,0.2783203125,0.34462269856015243,1.1424419142979037e-11,4.54921404893837e-13
3000,0.2783203125,0.41469795252368274,2.0118457797031522e-11,2.017972944694436e-12
3000,0.2783203125,0.6004929537827834,3.0071446117658933e-11,5.190387857087991e-12
3000,0.2783203125,0.7225966237251571,5.609427661221697e-11,8.736175430494441e-12
3000,0.2783203125,0.8695287385634709,9.392891129402707e-11,1.674197802822161e-11
3000,0.2783203125,1.0463378908276764,1.8624114473746079e-10,6.014849495254753e-11
3000,0.2783203125,1.2590992490834092,3.5346862542567365e-10,9.473401425759117e-11
3000,0.2783203125,1.5151233009332898,7.23365716262676e-10,3.0784977622179246e-10
3000,0.2783203125,1.823207041622908,9.850748962318533e-10,3.6851738223013807e-10
6000,0.556640625,0.34462269856015243,4.154181997043318e-11,1.116588095079083e-12
6000,0.556640625,0.41469795252368274,5.2253657757163456e-11,9.577271748327267e-12
6000,0.556640625,0.6004929537827834,1.254952156996567e-10,2.1439120619663995e-11
6000,0.556640625,0.7225966237251571,1.8217761566916441e-10,4.1457577142756583e-11
6000,0.556640625,0.8695287385634709,2.6357694874830564e-10,8.1922190914848e-11
6000,0.556640625,1.0463378908276764,4.4702867645527855e-10,1.9200302809654743e-10
6000,0.556640625,1.2590992490834092,7.318137284521648e-10,1.8786934050765537e-10
6000,0.556640625,1.5151233009332898,1.8413971994662065e-09,7.774539460704234e-10
6000,0.556640625,1.823207041622908,3.833785416881508e-09,1.0687162842400924e-09
9000,0.8349609375,0.34462269856015243,6.864923332230083e-11,2.516235509139495e-12
9000,0.8349609375,0.41469795252368274,7.630471353457538e-11,1.8268233208994196e-11
9000,0.8349609375,0.6004929537827834,2.3870653623185626e-10,3.0198193871640556e-11
9000,0.8349609375,0.7225966237251571,3.0773263149636467e-10,9.198514039929016e-11
9000,0.8349609375,0.8695287385634709,4.4945506183296806e-10,1.8480171420518176e-10
9000,0.8349609375,1.0463378908276764,7.810207276002775e-10,3.095352672264669e-10
9000,0.8349609375,1.2590992490834092,7.135541594878708e-10,1.8365392152484012e-10
9000,0.8349609375,1.5151233009332898,2.9494681759269373e-09,1.039034145500642e-09
9000,0.8349609375,1.823207041622908,6.545508960352257e-09,1.2673378619903842e-09
12000,1.11328125,0.34462269856015243,1.0229049354915803e-10,5.085572111662009e-12
12000,1.11328125,0.41469795252368274,1.2816964495010845e-10,3.003847224093933e-11
12000,1.11328125,0.6004929537827834,2.8206617505161706e-10,4.819826934412725e-11
12000,1.11328125,0.7225966237251571,4.2657110353981174e-10,1.6414364876954985e-10
12000,1.11328125,0.8695287385634709,4.75926979415564e-10,2.485104456487498e-10
12000,1.11328125,1.0463378908276764,1.0946739453337264e-09,4.551485218587148e-10
12000,1.11328125,1.2590992490834092,8.521467466072869e-10,2.0717489436716776e-10
12000,1.11328125,1.5151233009332898,4.94444416667407e-09,8.699375139056907e-10
12000,1.11328125,1.823207041622908,8.669899126656676e-09,8.303000033402644e-10
15000,1.3916015625,0.34462269856015243,1.1647728703058602e-10,7.284776937167853e-12
15000,1.3916015625,0.41469795252368274,1.4631037461195244e-10,3.295321818600824e-11
15000,1.3916015625,0.6004929537827834,3.213217523967424e-10,4.435702847021044e-11
15000,1.3916015625,0.7225966237251571,4.513365422124018e-10,1.652238095873472e-10
15000,1.3916015625,0.8695287385634709,5.7157481058626e-10,2.348939907707548e-10
15000,1.3916015625,1.0463378908276764,1.6509016506898486e-09,5.230271265284306e-10
15000,1.3916015625,1.2590992490834092,1.360310062403823e-09,2.0350161251083862e-10
15000,1.3916015625,1.5151233009332898,4.953915577376378e-09,1.2883590821276119e-09
15000,1.3916015625,1.823207041622908,1.0348720161485585e-08,1.5352019250760882e-09
18000,1.669921875,0.34462269856015243,1.677969323532972e-10,1.3270173632213625e-11
18000,1.669921875,0.41469795252368274,2.313923180684477e-10,4.176771300231903e-11
18000,1.669921875,0.6004929537827834,4.805026483306343e-10,5.139908565149992e-11
18000,1.669921875,0.7225966237251571,6.564405005954959e-10,1.8803211616145736e-10
18000,1.669921875,0.8695287385634709,7.655296683796143e-10,2.4241807185317766e-10
18000,1.669921875,1.0463378908276764,2.7316844956085263e-09,7.295132100829354e-10
18000,1.669921875,1.2590992490834092,2.106591043999041e-09,4.251928464357285e-10
18000,1.669921875,1.5151233009332898,6.8623718764508975e-09,1.6879696808949694e-09
18000,1.669921875,1.823207041622908,1.2327471368814239e-08,2.2567603005329612e-09
21000,1.9482421875,0.34462269856015243,1.5543079103774867e-10,1.9218409962603125e-11
21000,1.9482421875,0.41469795252368274,2.260873594773646e-10,3.957644603420595e-11
21000,1.9482421875,0.6004929537827834,5.577488352168219e-10,3.5994616550857516e-11
21000,1.9482421875,0.7225966237251571,7.458918684157842e-10,1.5987759477921516e-10
21000,1.9482421875,0.8695287385634709,9.36406221285661e-10,2.1766582482895564e-10
21000,1.9482421875,1.0463378908276764,3.603698225289514e-09,9.020221344699801e-10
21000,1.9482421875,1.2590992490834092,2.572308552681544e-09,7.79646494174509e-10
21000,1.9482421875,1.5151233009332898,8.456577604246777e-09,1.7995633463298329e-09
21000,1.9482421875,1.823207041622908,1.3193859875217784e-08,2.8222677526685853e-09
24000,2.2265625,0.34462269856015243,1.6237437839749891e-10,2.8052474947909112e-11
24000,2.2265625,0.41469795252368274,2.65513111251138e-10,3.2358376683546804e-11
24000,2.2265625,0.6004929537827834,6.426862965678835e-10,2.9022067055635384e-11
24000,2.2265625,0.7225966237251571,8.329901755220681e-10,7.063546374231869e-11
24000,2.2265625,0.8695287385634709,7.712783653806014e-10,1.366169949962905e-10
24000,2.2265625,1.0463378908276764,3.431243553464855e-09,9.930035103998141e-10
24000,2.2265625,1.2590992490834092,3.103597462483114e-09,1.0447462308051326e-09
24000,2.2265625,1.5151233009332898,7.510650432433313e-09,2.022224068388898e-09
24000,2.2265625,1.823207041622908,1.1830786738572436e-08,3.2917339862789052e-09
27000,2.5048828125,0.34462269856015243,2.485709200537371e-10,4.197169025568726e-11
27000,2.5048828125,0.41469795252368274,3.6434253684322437e-10,6.196902895970224e-11
27000,2.5048828125,0.6004929537827834,1.0077123184421354e-09,2.6225008314551387e-11
27000,2.5048828125,0.7225966237251571,1.1596057048827855e-09,6.771357419649507e-11
27000,2.5048828125,0.8695287385634709,8.23032452495798e-10,7.025955559960206e-11
27000,2.5048828125,1.0463378908276764,3.1913354851011525e-09,7.263826622105352e-10
27000,2.5048828125,1.2590992490834092,2.8079414985494492e-09,8.560030306568798e-10
27000,2.5048828125,1.5151233009332898,5.674719634129822e-09,2.0301094897058882e-09
27000,2.5048828125,1.823207041622908,1.1850984697566883e-08,3.1598315370076974e-09
30000,2.783203125,0.34462269856015243,3.667721055858058e-10,7.006450220498656e-11
30000,2.783203125,0.41469795252368274,5.520760048543825e-10,1.156921947841173e-10
30000,2.783203125,0.6004929537827834,1.3325370014955826e-09,7.355119095934949e-11
30000,2.783203125,0.7225966237251571,1.5447234988395784e-09,1.3689436698329408e-10
30000,2.783203125,0.8695287385634709,9.225419566645907e-10,1.2108430167248133e-10
30000,2.783203125,1.0463378908276764,2.8335778904138636e-09,7.346279450248696e-10
30000,2.783203125,1.2590992490834092,2.6285424979581788e-09,6.489616679694867e-10
30000,2.783203125,1.5151233009332898,5.1711452740162705e-09,1.1193563662720694e-09
30000,2.783203125,1.823207041622908,1.3982428181895991e-08,1.5197582255431086e-09
33000,3.0615234375,0.34462269856015243,3.85390543549231e-10,9.413655232776922e-11
33000,3.0615234375,0.41469795252368274,6.404695432732064e-10,1.802385993587886e-10
33000,3.0615234375,0.6004929537827834,1.279270017157907e-09,1.1452434203452566e-10
33000,3.0615234375,0.7225966237251571,1.7775303966615949e-09,2.428323128326869e-10
33000,3.0615234375,0.8695287385634709,1.5037818126418093e-09,2.8765966536111167e-10
33000,3.0615234375,1.0463378908276764,3.5568557945009632e-09,7.921357389834322e-10
33000,3.0615234375,1.2590992490834092,3.0967362734496198e-09,6.037616403982191e-10
33000,3.0615234375,1.5151233009332898,6.043023865849295e-09,7.518077177536466e-10
33000,3.0615234375,1.823207041622908,1.6658069461284165e-08,1.6179318013875224e-09
36000,3.33984375,0.34462269856015243,4.077272264132934e-10,1.4858486977381356e-10
36000,3.33984375,0.41469795252368274,6.661091231761302e-10,2.787360756907809e-10
36000,3.33984375,0.6004929537827834,1.0293713944580315e-09,1.6231757793282782e-10
36000,3.33984375,0.7225966237251571,1.953146676362944e-09,3.9557514380115946e-10
36000,3.33984375,0.8695287385634709,2.050656210120802e-09,4.169165255275464e-10
36000,3.33984375,1.0463378908276764,4.775716048190695e-09,9.008487741123168e-10
36000,3.33984375,1.2590992490834092,4.16027634878696e-09,1.0264371890843844e-09
36000,3.33984375,1.5151233009332898,7.7096619576952e-09,1.296608720083311e-09
36000,3.33984375,1.823207041622908,1.575463427438987e-08,2.2667132168876285e-09
39000,3.6181640625,0.34462269856015243,4.5221858449467104e-10,2.0729309727928664e-10
39000,3.6181640625,0.41469795252368274,6.926290101520047e-10,4.067495586782063e-10
39000,3.6181640625,0.6004929537827834,1.2832854623672644e-09,2.2460812062136816e-10
39000,3.6181640625,0.7225966237251571,2.106564591424239e-09,6.832235922756584e-10
39000,3.6181640625,0.8695287385634709,2.1612612558436687e-09,5.190970121249804e-10
39000,3.6181640625,1.0463378908276764,5.625303128345893e-09,1.1436355961513232e-09
39000,3.6181640625,1.2590992490834092,3.945074125556331e-09,1.0596831336937815e-09
39000,3.6181640625,1.5151233009332898,7.782104056837039e-09,1.3889853223631889e-09
39000,3.6181640625,1.823207041622908,1.396742153710559e-08,2.393097935721679e-09
42000,3.896484375,0.34462269856015243,5.58506752201159e-10,2.3607102713963155e-10
42000,3.896484375,0.41469795252368274,7.957101779270096e-10,5.529994989512234e-10
42000,3.896484375,0.6004929537827834,1.5113492106264265e-09,2.4059957203567445e-10
42000,3.896484375,0.7225966237251571,2.3423307010038407e-09,1.0936721840020133e-09
42000,3.896484375,0.8695287385634709,2.462637656012081e-09,7.81555849166141e-10
42000,3.896484375,1.0463378908276764,6.201991035657743e-09,2.0464309864720317e-09
42000,3.896484375,1.2590992490834092,3.4764439838263907e-09,1.2949937610227192e-09
42000,3.896484375,1.5151233009332898,6.768006305707095e-09,1.7939956505669368e-09
42000,3.896484375,1.823207041622908,1.523276281374557e-08,3.080686528379373e-09
45000,4.1748046875,0.34462269856015243,5.885852128054695e-10,2.831033273790609e-10
45000,4.1748046875,0.41469795252368274,8.454241485468902e-10,6.396152041369187e-10
45000,4.1748046875,0.6004929537827834,1.4612274493689252e-09,2.746695626718143e-10
45000,4.1748046875,0.7225966237251571,2.618344997409065e-09,1.531669325098039e-09
45000,4.1748046875,0.8695287385634709,2.920318033087209e-09,1.2724668195429837e-09
45000,4.1748046875,1.0463378908276764,6.52306369367951e-09,3.1900434306201986e-09
45000,4.1748046875,1.2590992490834092,3.4764454856312033e-09,1.125999326410753e-09
45000,4.1748046875,1.5151233009332898,8.864808268955694e-09,2.0195106198614903e-09
45000,4.1748046875,1.823207041622908,1.3519185866087386e-08,4.110865007392341e-09
48000,4.453125,0.34462269856015243,7.654209370423998e-10,3.4527608926225056e-10
48000,4.453125,0.41469795252368274,9.567537134401863e-10,7.051996310697658e-10
48000,4.453125,0.6004929537827834,1.5224221121346499e-09,3.369273588559751e-10
48000,4.453125,0.7225966237251571,3.1276965751388886e-09,1.828908518834852e-09
48000,4.453125,0.8695287385634709,3.468488383957254e-09,1.5942985203470583e-09
48000,4.453125,1.0463378908276764,7.494517668112984e-09,3.874476027096967e-09
48000,4.453125,1.2590992490834092,3.599773722906545e-09,1.244173425606041e-09
48000,4.453125,1.5151233009332898,9.71469370435655e-09,2.216160743099463e-09
48000,4.453125,1.823207041622908,1.2664216609596737e-08,3.3404935029293466e-09
51000,4.7314453125,0.34462269856015243,1.015244352041718e-09,4.423161392894674e-10
51000,4.7314453125,0.41469795252368274,1.1120823479260862e-09,7.60993186353218e-10
51000,4.7314453125,0.6004929537827834,1.6599531658034279e-09,3.3724044128027485e-10
51000,4.7314453125,0.7225966237251571,3.57121799695849e-09,2.0075136492645555e-09
51000,4.7314453125,0.8695287385634709,3.821352584820105e-09,1.8009547761875596e-09
51000,4.7314453125,1.0463378908276764,7.903073005184141e-09,4.191394164782672e-09
51000,4.7314453125,1.2590992490834092,4.176242176594344e-09,1.1939349473273304e-09
51000,4.7314453125,1.5151233009332898,8.933800415026346e-09,2.1295403564045946e-09
51000,4.7314453125,1.823207041622908,1.0979250349566575e-08,2.2825552055387072e-09
54000,5.009765625,0.34462269856015243,1.1003718113396868e-09,4.5409497712841343e-10
54000,5.009765625,0.41469795252368274,9.979847905667374e-10,6.886719352847782e-10
54000,5.009765625,0.6004929537827834,1.7593936994036247e-09,3.4861355627716905e-10
54000,5.009765625,0.7225966237251571,3.7044077537321543e-09,2.0285404044827377e-09
54000,5.009765625,0.8695287385634709,3.900105767791293e-09,1.8074910369515983e-09
54000,5.009765625,1.0463378908276764,9.484402549552494e-09,4.718233204517426e-09
54000,5.009765625,1.2590992490834092,4.713633448241905e-09,1.1146111539631213e-09
54000,5.009765625,1.5151233009332898,1.0576615740156291e-08,1.4883586709165315e-09
54000,5.009765625,1.823207041622908,1.2790054459365973e-08,2.5271896894243562e-09
57000,5.2880859375,0.34462269856015243,1.4327940012598296e-09,5.363565655175811e-10
57000,5.2880859375,0.41469795252368274,1.227035128871025e-09,7.015906168101068e-10
57000,5.2880859375,0.6004929537827834,2.337667173591855e-09,3.7183728613682806e-10
57000,5.2880859375,0.7225966237251571,4.151891267978193e-09,1.9163944198248913e-09
57000,5.2880859375,0.8695287385634709,3.889385402888306e-09,1.8252232436528498e-09
57000,5.2880859375,1.0463378908276764,9.978965056368329e-09,4.878247876586122e-09
57000,5.2880859375,1.2590992490834092,4.8151718327472985e-09,1.0646037521156916e-09
57000,5.2880859375,1.5151233009332898,8.23777348240599e-09,1.472688340279091e-09
57000,5.2880859375,1.823207041622908,1.1718363827506157e-08,2.2388403574670808e-09
60000,5.56640625,0.34462269856015243,1.5419653315807358e-09,5.870445001366294e-10
60000,5.56640625,0.41469795252368274,1.2092473518186506e-09,6.320101128109027e-10
60000,5.56640625,0.6004929537827834,2.725297415090786e-09,4.077379826331423e-10
60000,5.56640625,0.7225966237251571,4.779782412458595e-09,1.906976500070954e-09
60000,5.56640625,0.8695287385634709,3.889246690671613e-09,1.9124871904043085e-09
60000,5.56640625,1.0463378908276764,1.2138081853634171e-08,5.436575743320864e-09
60000,5.56640625,1.2590992490834092,4.956573040301982e-09,1.4919906259298074e-09
60000,5.56640625,1.5151233009332898,7.358457057660612e-09,2.2369290006726097e-09
60000,5.56640625,1.823207041622908,1.2459810466072752e-08,1.509247377698529e-09
63000,5.8447265625,0.34462269856015243,1.6939177675522889e-09,7.013725240071651e-10
63000,5.8447265625,0.41469795252368274,1.1559072175735075e-09,6.049081861568078e-10
63000,5.8447265625,0.6004929537827834,3.224066358098177e-09,5.366744385167575e-10
63000,5.8447265625,0.7225966237251571,4.939480285307485e-09,1.6382312998966457e-09
63000,5.8447265625,0.8695287385634709,3.462680119673268e-09,1.5113443827679936e-09
63000,5.8447265625,1.0463378908276764,1.484181009628339e-08,4.592134254524256e-09
63000,5.8447265625,1.2590992490834092,6.413898176244145e-09,1.4465502902464704e-09
63000,5.8447265625,1.5151233009332898,1.068072222901178e-08,1.7664870019595847e-09
63000,5.8447265625,1.823207041622908,1.3007775584403497e-08,1.4488399372012822e-09
66000,6.123046875,0.34462269856015243,1.923902873516202e-09,7.244684166516364e-10
66000,6.123046875,0.41469795252368274,1.2695073849261364e-09,5.514149106424048e-10
66000,6.123046875,0.6004929537827834,3.964395268993348e-09,7.846165872626021e-10
66000,6.123046875,0.7225966237251571,5.831414884281197e-09,1.5045746035905562e-09
66000,6.123046875,0.8695287385634709,3.778769611266522e-09,1.2511439983735945e-09
66000,6.123046875,1.0463378908276764,1.698125739162315e-08,3.230711590605498e-09
66000,6.123046875,1.2590992490834092,7.121207528350245e-09,1.1107711710183118e-09
66000,6.123046875,1.5151233009332898,1.3036935202283328e-08,9.682135611458536e-10
66000,6.123046875,1.823207041622908,1.3955154743585235e-08,1.2129780304879305e-09
69000,6.4013671875,0.34462269856015243,2.126554556730205e-09,7.276454174486747e-10
69000,6.4013671875,0.41469795252368274,1.2988827611665909e-09,5.088151118393141e-10
69000,6.4013671875,0.6004929537827834,3.909795935602736e-09,7.670171399221608e-10
69000,6.4013671875,0.7225966237251571,5.5839011438301025e-09,1.134872118005204e-09
69000,6.4013671875,0.8695287385634709,3.270886079458801e-09,1.0444660532226884e-09
69000,6.4013671875,1.0463378908276764,1.4259182692228091e-08,2.6868506347943026e-09
69000,6.4013671875,1.2590992490834092,6.3582847187715e-09,1.5712491481269195e-09
69000,6.4013671875,1.5151233009332898,1.2071704281969349e-08,1.8232854022765905e-09
69000,6.4013671875,1.823207041622908,1.3798361119627351e-08,2.9102896318026037e-09
72000,6.6796875,0.34462269856015243,2.2947091775405653e-09,6.857410438626767e-10
72000,6.6796875,0.41469795252368274,1.2532933551696523e-09,4.4320467250398966e-10
72000,6.6796875,0.6004929537827834,4.4749053854216225e-09,7.992878829806578e-10
72000,6.6796875,0.7225966237251571,6.028208897657964e-09,9.961800297668348e-10
72000,6.6796875,0.8695287385634709,3.9002390865162135e-09,9.459524177058986e-10
72000,6.6796875,1.0463378908276764,1.466270508036274e-08,2.2291806139711783e-09
72000,6.6796875,1.2590992490834092,6.538494173881207e-09,1.5075022024647512e-09
72000,6.6796875,1.5151233009332898,1.1652070947463334e-08,2.5090951105297694e-09
72000,6.6796875,1.823207041622908,1.83389216531329e-08,3.8625183823444865e-09
