step,omega_ci_t,compressibility
500,0.06597222222222222,0.24063485779885663
1000,0.13194444444444445,0.28305258564098323
1500,0.19791666666666669,0.25168966634204226
2000,0.2638888888888889,0.27834975440725057
2500,0.3298611111111111,0.2517963063700687
3000,0.39583333333333337,0.2434969328149892
3500,0.4618055555555556,0.24730839326151488
4000,0.5277777777777778,0.23105455018248214
4500,0.59375,0.22813488052806383
5000,0.6597222222222222,0.23209576380588753
5500,0.7256944444444444,0.22960807118072687
6000,0.7916666666666667,0.2507919612872929
6500,0.857638888888889,0.25179345256955676
7000,0.9236111111111112,0.2799451030316485
7500,0.9895833333333335,0.2863361704652209
8000,1.0555555555555556,0.29555807078191515
8500,1.121527777777778,0.3051575846070918
9000,1.1875,0.306601350936713
9500,1.2534722222222223,0.2967325324325311
10000,1.3194444444444444,0.2992587904753368
10500,1.3854166666666667,0.29181201993533956
11000,1.4513888888888888,0.2816554688078967
11500,1.5173611111111112,0.28711113937204924
12000,1.5833333333333335,0.2796687314302369
12500,1.6493055555555556,0.27946800850277886
13000,1.715277777777778,0.2873892470276957
13500,1.78125,0.2767238055365847
14000,1.8472222222222223,0.28971936456378145
14500,1.9131944444444446,0.284387226875839
15000,1.979166666666667,0.2887635863560652
15500,2.045138888888889,0.2863782228790095
16000,2.111111111111111,0.2817379923490929
16500,2.1770833333333335,0.2738531535022113
17000,2.243055555555556,0.2611893540370318
17500,2.3090277777777777,0.2518116006070539
18000,2.375,0.24260886543494672
18500,2.4409722222222223,0.23228868006081457
19000,2.5069444444444446,0.22672600500339185
19500,2.572916666666667,0.22669505834026138
20000,2.638888888888889,0.2262049139439562
20500,2.704861111111111,0.22727545312968042
21000,2.7708333333333335,0.23030222955794752
21500,2.836805555555556,0.23053234522491006
22000,2.9027777777777777,0.22240120005424693
22500,2.96875,0.22516995498006642
23000,3.0347222222222223,0.2116928589021249
23500,3.1006944444444446,0.21040177603195756
24000,3.166666666666667,0.20352528271481965
24500,3.232638888888889,0.1958921398049229
25000,3.298611111111111,0.19419434888750944
25500,3.364583333333334,0.18971441468780875
26000,3.430555555555556,0.18568702546928859
26500,3.4965277777777777,0.18942489944840052
27000,3.5625,0.1888845522737524
27500,3.628472222222222,0.1867830363937896
28000,3.6944444444444446,0.189053163027222
28500,3.7604166666666665,0.18535248577650756
29000,3.8263888888888893,0.18342716375696966
29500,3.892361111111111,0.18286013119878475
30000,3.958333333333334,0.17517511447611994
30500,4.024305555555555,0.17593455448091452
31000,4.090277777777778,0.17249804104502947
31500,4.15625,0.16694863683589492
32000,4.222222222222222,0.16986390108479052
32500,4.288194444444445,0.16340530784008514
33000,4.354166666666667,0.1621154677653129
33500,4.420138888888889,0.15746437587821763
34000,4.486111111111112,0.15751260478904597
34500,4.552083333333334,0.1522248512916618
35000,4.618055555555555,0.15559528478696039
35500,4.684027777777778,0.15191949138286695
36000,4.75,0.1517985535526602
36500,4.815972222222222,0.14798936193890172
37000,4.881944444444445,0.14562779086398306
37500,4.947916666666667,0.14117601572540986
38000,5.013888888888889,0.1394539921026508
38500,5.079861111111112,0.13718384197921626
39000,5.145833333333334,0.13521603101789265
39500,5.211805555555555,0.13767823183647016
40000,5.277777777777778,0.13453172875255226
40500,5.34375,0.14218788307642916
41000,5.409722222222222,0.1393006447889458
41500,5.475694444444445,0.1431373468361358
42000,5.541666666666667,0.14166593786711051
42500,5.607638888888889,0.1343751585072199
43000,5.673611111111112,0.1372382361479618
43500,5.739583333333334,0.12390325989845244
44000,5.805555555555555,0.12535790823448273
44500,5.871527777777778,0.11825641051383748
45000,5.9375,0.11633604894453489
45500,6.003472222222222,0.11742346500579756
46000,6.069444444444445,0.11739748244332737
46500,6.135416666666667,0.12084870531744477
47000,6.201388888888889,0.12811445628879103
47500,6.267361111111112,0.12839521768021803
48000,6.333333333333334,0.1394820993663139
48500,6.399305555555555,0.13684497229584622
49000,6.465277777777778,0.14335453186747385
49500,6.53125,0.14188396055470262
50000,6.597222222222222,0.1410770401423292
50500,6.663194444444444,0.1420810709811061
51000,6.729166666666668,0.13539816431877164
51500,6.795138888888889,0.1326061300508286
52000,6.861111111111112,0.13090218597152037
52500,6.927083333333333,0.12621385706618643
53000,6.993055555555555,0.1258852438556653
53500,7.059027777777779,0.1239591350100063
54000,7.125,0.12130822696951082
54500,7.190972222222222,0.12062678048737556
55000,7.256944444444444,0.11775382721647984
55500,7.322916666666668,0.11540233873931215
56000,7.388888888888889,0.11261921743575751
56500,7.454861111111112,0.10929672996606431
57000,7.520833333333333,0.10711254439316327
57500,7.586805555555555,0.10619345909160693
58000,7.652777777777779,0.10616273237832327
58500,7.71875,0.10806944106369032
59000,7.784722222222222,0.11129954569861455
59500,7.850694444444444,0.11278515774894715
60000,7.916666666666668,0.11494680077500755
60500,7.982638888888889,0.11593239544510041
61000,8.04861111111111,0.11171887746548599
61500,8.114583333333334,0.1124676932291446
62000,8.180555555555555,0.10571864955001532
62500,8.246527777777779,0.10468243341506045
63000,8.3125,0.09968667478568186
63500,8.378472222222221,0.09934492474301615
64000,8.444444444444445,0.09795850480027175
64500,8.510416666666668,0.09850991176961231
65000,8.57638888888889,0.10092808518941493
65500,8.64236111111111,0.09892236785499799
66000,8.708333333333334,0.10653900642567656
66500,8.774305555555555,0.10397956471832819
67000,8.840277777777779,0.10729223833982318
67500,8.90625,0.10753513459145424
68000,8.972222222222223,0.10648549446308817
68500,9.038194444444445,0.10432656071867276
69000,9.104166666666668,0.10147808879135507
69500,9.17013888888889,0.10033656070575397
70000,9.23611111111111,0.09599894313856557
70500,9.302083333333334,0.09290074361109445
71000,9.368055555555555,0.09110023959369883
71500,9.434027777777779,0.08771466540471634
72000,9.5,0.08743335702606997
72500,9.565972222222223,0.08495741272672229
73000,9.631944444444445,0.08454293875280731
73500,9.697916666666668,0.08482026748708613
74000,9.76388888888889,0.08428944520130592
74500,9.82986111111111,0.08409907610660036
75000,9.895833333333334,0.0858941371750721
75500,9.961805555555555,0.08512463717543765
76000,10.027777777777779,0.08622709209177642
76500,10.09375,0.08720011772643758
77000,10.159722222222223,0.08675497398481981
77500,10.225694444444445,0.08879946001612445
78000,10.291666666666668,0.08752154983654975
78500,10.35763888888889,0.09174805383355522
79000,10.42361111111111,0.08840664088319702
79500,10.489583333333334,0.09189882270737605
80000,10.555555555555555,0.08825866868813668
80500,10.621527777777779,0.08859115095282437
81000,10.6875,0.08595389318534369
81500,10.753472222222223,0.08388347592963104
82000,10.819444444444445,0.08059957073760361
82500,10.885416666666668,0.07923384327954372
83000,10.95138888888889,0.07649714811234914
83500,11.01736111111111,0.07563994987435989
84000,11.083333333333334,0.0750137987418235
84500,11.149305555555555,0.0747957817163081
85000,11.215277777777779,0.07692116232645567
85500,11.28125,0.07492694517552367
86000,11.347222222222223,0.0774292416705112
86500,11.413194444444445,0.07432868449784678
87000,11.479166666666668,0.07519786323110589
87500,11.54513888888889,0.07119776290259915
88000,11.61111111111111,0.07102553276713375
88500,11.677083333333334,0.06747502097457635
89000,11.743055555555555,0.06574051771077517
89500,11.809027777777779,0.06456641641789819
90000,11.875,0.06416470784771389
90500,11.940972222222223,0.06378560003927819
91000,12.006944444444445,0.0654738617370614
91500,12.072916666666668,0.06398796245648532
92000,12.13888888888889,0.06534300124909517
92500,12.20486111111111,0.06364397964187683
93000,12.270833333333334,0.06307606655621835
93500,12.336805555555555,0.061557290824550505
94000,12.402777777777779,0.0580891521712511
94500,12.46875,0.05728049438467589
95000,12.534722222222223,0.0539618940349233
95500,12.600694444444445,0.05171046225475315
96000,12.666666666666668,0.05122534307254898
96500,12.73263888888889,0.048663102274474866
97000,12.79861111111111,0.04975286193561247
97500,12.864583333333334,0.04955514399973773
98000,12.930555555555555,0.05100728933604313
98500,12.996527777777779,0.051682609907863976
99000,13.0625,0.0537067464534668
99500,13.128472222222223,0.055377935571983096
100000,13.194444444444445,0.05543809870413605
100500,13.260416666666666,0.05901239114321889
101000,13.326388888888888,0.057639564815919773
101500,13.39236111111111,0.060228018038399465
102000,13.458333333333336,0.05926985512247559
102500,13.524305555555557,0.05951421420741004
103000,13.590277777777779,0.0589259796947594
103500,13.65625,0.05757520643525459
104000,13.722222222222223,0.057714122656933244
104500,13.788194444444445,0.05651997577065122
105000,13.854166666666666,0.05713586067604168
105500,13.920138888888888,0.057044012675200144
106000,13.98611111111111,0.0574454501865681
106500,14.052083333333336,0.05890367029612271
107000,14.118055555555557,0.06083173763107127
107500,14.184027777777779,0.060987238396330794
108000,14.25,0.06442555101101438
108500,14.315972222222223,0.06436097590048319
109000,14.381944444444445,0.0656943508884388
109500,14.447916666666666,0.06648567387316161
110000,14.513888888888888,0.0655528158808794
110500,14.57986111111111,0.06517608003432376
111000,14.645833333333336,0.06349010552511261
111500,14.711805555555557,0.06143947830886238
112000,14.777777777777779,0.05910467068782845
112500,14.84375,0.056855716846826485
113000,14.909722222222223,0.054471506963405886
113500,14.975694444444445,0.052478239245067684
114000,15.041666666666666,0.04984753607626007
114500,15.107638888888888,0.04891490040860662
115000,15.17361111111111,0.047605654020542586
115500,15.239583333333336,0.04627708460875601
116000,15.305555555555557,0.04648114942965968
116500,15.371527777777779,0.04527379915364512
117000,15.4375,0.04482245133662512
117500,15.503472222222223,0.044639408291498456
118000,15.569444444444445,0.04385431658718388
118500,15.635416666666666,0.043901357872842765
119000,15.701388888888888,0.043284634533712944
119500,15.76736111111111,0.04368435574284505
120000,15.833333333333336,0.04287579665487904
120500,15.899305555555557,0.04455028321349266
121000,15.965277777777779,0.04375780195451268
121500,16.03125,0.04519136962557525
122000,16.09722222222222,0.04647205848825603
122500,16.163194444444443,0.04621098061125921
123000,16.229166666666668,0.047466328369821294
123500,16.29513888888889,0.048388147275788156
124000,16.36111111111111,0.04767532518707538
124500,16.427083333333336,0.04820950855342277
125000,16.493055555555557,0.04777738635688815
125500,16.55902777777778,0.04729722367401881
126000,16.625,0.04612486302995853
126500,16.69097222222222,0.046196644291928296
127000,16.756944444444443,0.04535647579369578
127500,16.822916666666668,0.044351897919885766
128000,16.88888888888889,0.04498383350498009
128500,16.95486111111111,0.044302552306185225
129000,17.020833333333336,0.04331960752468299
129500,17.086805555555557,0.044552166418598764
130000,17.15277777777778,0.04335256856568822
130500,17.21875,0.04289781871807519
131000,17.28472222222222,0.042909795685299415
131500,17.350694444444443,0.04147193862450058
132000,17.416666666666668,0.04053563278713709
132500,17.48263888888889,0.039312802081156006
133000,17.54861111111111,0.037278542222777204
133500,17.614583333333336,0.03700645045198311
134000,17.680555555555557,0.03478264544346362
134500,17.74652777777778,0.03452487466980015
135000,17.8125,0.03360354904534579
135500,17.87847222222222,0.03288572214155713
136000,17.944444444444446,0.03312783539326128
136500,18.010416666666668,0.03229687825128444
137000,18.07638888888889,0.03226800199589733
137500,18.14236111111111,0.032353475228151685
138000,18.208333333333336,0.03157042092301678
138500,18.274305555555557,0.03135665144663577
139000,18.34027777777778,0.030712779906399795
139500,18.40625,0.02985721053097902
140000,18.47222222222222,0.029207474208295805
140500,18.538194444444446,0.028343911754139958
141000,18.604166666666668,0.027864942112850375
141500,18.67013888888889,0.027555164443944347
142000,18.73611111111111,0.02719196641139279
142500,18.802083333333336,0.02750399742480937
143000,18.868055555555557,0.028225970821410686
143500,18.93402777777778,0.02809761973471011
144000,19.0,0.02989780923492289
144500,19.06597222222222,0.029587170186439624
145000,19.131944444444446,0.03057132463623121
145500,19.197916666666668,0.030766191519080617
146000,19.26388888888889,0.031200147989700226
146500,19.32986111111111,0.031078878791907582
147000,19.395833333333336,0.031094133274720097
147500,19.461805555555557,0.03099135666791573
148000,19.52777777777778,0.0305086416717616
148500,19.59375,0.03079986267957621
149000,19.65972222222222,0.030728277251086702
149500,19.725694444444446,0.030841009771466414
150000,19.791666666666668,0.03105175531881409
150500,19.85763888888889,0.03175148791404477
151000,19.92361111111111,0.03137597333060904
151500,19.989583333333336,0.03246826987195746
152000,20.055555555555557,0.03250718206669947
152500,20.12152777777778,0.03262541878464586
153000,20.1875,0.03325161914253381
153500,20.25347222222222,0.033448871908168976
154000,20.319444444444446,0.033739755277150375
154500,20.385416666666668,0.03418522925377595
155000,20.45138888888889,0.03444666244557323
155500,20.51736111111111,0.03474718618904395
156000,20.583333333333336,0.03469572572575257
156500,20.649305555555557,0.0352295647823338
157000,20.71527777777778,0.03471926324552218
157500,20.78125,0.03471810863982593
158000,20.84722222222222,0.03482902822388096
158500,20.913194444444446,0.03467757427241934
159000,20.979166666666668,0.03466455053011456
159500,21.04513888888889,0.03506872458432309
160000,21.11111111111111,0.03508376244245104
160500,21.177083333333336,0.03521796705573155
161000,21.243055555555557,0.035337944267057386
161500,21.30902777777778,0.03537804475366259
162000,21.375,0.03500909969992305
162500,21.44097222222222,0.03505025974073536
163000,21.506944444444446,0.03397533015029965
163500,21.572916666666668,0.03422045597766413
164000,21.63888888888889,0.033114394346019906
164500,21.70486111111111,0.0330651542907877
165000,21.770833333333336,0.032471992981473866
165500,21.836805555555557,0.032277103593554464
166000,21.90277777777778,0.03184714022053526
166500,21.96875,0.03178594862840856
167000,22.03472222222222,0.0314655926044727
167500,22.100694444444446,0.03124381630208188
168000,22.166666666666668,0.03105090837139034
168500,22.23263888888889,0.03062421695849075
169000,22.29861111111111,0.03041437755154668
169500,22.364583333333336,0.030112398463905128
170000,22.430555555555557,0.02947444111262244
170500,22.49652777777778,0.029675569129643004
171000,22.5625,0.02883005935917166
171500,22.62847222222222,0.029014490228741086
172000,22.694444444444446,0.028346162107939103
172500,22.760416666666668,0.028253281853077197
173000,22.82638888888889,0.027788701204387242
173500,22.89236111111111,0.027245557910251423
174000,22.958333333333336,0.026834036125319108
174500,23.024305555555557,0.026349268213723805
175000,23.09027777777778,0.02597690375325701
175500,23.15625,0.02546436889342754
176000,23.22222222222222,0.025302433259318184
176500,23.288194444444446,0.02513776713379218
177000,23.354166666666668,0.024822274504057426
177500,23.42013888888889,0.024811606593522145
178000,23.48611111111111,0.024679886126478992
178500,23.552083333333336,0.024627969394839595
179000,23.618055555555557,0.024327662829696034
179500,23.68402777777778,0.024467313920508618
180000,23.75,0.024160496989386368
180500,23.81597222222222,0.02383107780405591
181000,23.881944444444446,0.023760700057826083
181500,23.947916666666668,0.023308905082519902
182000,24.01388888888889,0.023024976757322256
182500,24.07986111111111,0.02268334701584276
183000,24.145833333333336,0.022236765220581628
183500,24.211805555555557,0.021921570047460794
184000,24.27777777777778,0.021509590915962433
184500,24.34375,0.021148431334433154
185000,24.40972222222222,0.02089272012120527
185500,24.475694444444446,0.02063632935965204
186000,24.541666666666668,0.020403789427300405
186500,24.60763888888889,0.020391751578230217
187000,24.67361111111111,0.020115823904425737
187500,24.739583333333336,0.019986337419548125
188000,24.805555555555557,0.019829838367419923
188500,24.87152777777778,0.019590662265825932
189000,24.9375,0.01923551139950578
189500,25.00347222222222,0.01894958403227416
190000,25.069444444444446,0.018519088365834723
190500,25.135416666666668,0.0180727978989252
191000,25.20138888888889,0.017716582596253985
191500,25.26736111111111,0.017277072749887084
192000,25.333333333333336,0.01679023108631623
192500,25.399305555555557,0.016524738847667426
193000,25.46527777777778,0.016053485208064266
193500,25.53125,0.01575118944039133
194000,25.59722222222222,0.015371107361550044
194500,25.663194444444446,0.014960565849311392
195000,25.729166666666668,0.014674058830106043
195500,25.79513888888889,0.014171667791975687
196000,25.86111111111111,0.013866384407755164
196500,25.927083333333336,0.013487501265669085
197000,25.993055555555557,0.013051148287214662
197500,26.05902777777778,0.01268602171846838
198000,26.125,0.012356079786482612
198500,26.19097222222222,0.011875171008170282
199000,26.256944444444446,0.01156835732819247
199500,26.32291666666667,0.011175564021229656
200000,26.38888888888889,0.010706834087182576
200500,26.454861111111114,0.010410602199960131
201000,26.520833333333332,0.00998751981921279
201500,26.586805555555557,0.009704765233864526
202000,26.652777777777775,0.009358400508152807
202500,26.71875,0.009094422932027287
203000,26.78472222222222,0.008852778906162312
203500,26.850694444444446,0.008592173213960653
204000,26.91666666666667,0.00839476379972336
204500,26.98263888888889,0.008202270923830867
205000,27.048611111111114,0.008050712252934578
205500,27.114583333333332,0.007845181128089714
206000,27.180555555555557,0.007748476308747438
206500,27.246527777777775,0.007636505378968867
207000,27.3125,0.007504703300172908
207500,27.37847222222222,0.00745640518392022
208000,27.444444444444446,0.007407941973215915
208500,27.51041666666667,0.007311901158985869
209000,27.57638888888889,0.0073315573178004915
209500,27.642361111111114,0.007303913445082815
210000,27.708333333333332,0.007285500795093147
210500,27.774305555555557,0.007328376220307755
211000,27.840277777777775,0.007323236686076527
211500,27.90625,0.007371481721299863
212000,27.97222222222222,0.007412991892883912
212500,28.038194444444446,0.00746114630210235
213000,28.10416666666667,0.007548922741559722
213500,28.17013888888889,0.007600059906661355
214000,28.236111111111114,0.007686518371331117
214500,28.302083333333332,0.007759856143496002
215000,28.368055555555557,0.007822011959374967
215500,28.434027777777775,0.007866955466974702
216000,28.5,0.007935499641316348
216500,28.56597222222222,0.007963732400609241
217000,28.631944444444446,0.007992719532760534
217500,28.69791666666667,0.008032572361586802
218000,28.76388888888889,0.008021624106372468
218500,28.829861111111114,0.008011261339718821
219000,28.895833333333332,0.008019220315650697
219500,28.961805555555557,0.007963460013108246
220000,29.027777777777775,0.007921438133700004
220500,29.09375,0.007861527638226241
221000,29.15972222222222,0.007773888780746073
221500,29.225694444444446,0.007688186791889624
222000,29.29166666666667,0.007565088770349211
222500,29.35763888888889,0.007440053563048328
223000,29.423611111111114,0.007321661597200133
223500,29.489583333333332,0.00715008515439097
224000,29.555555555555557,0.007000811696208008
224500,29.621527777777775,0.006850803934181221
225000,29.6875,0.0066686197364471565
225500,29.75347222222222,0.006493361627713165
226000,29.819444444444446,0.0063282534182199646
226500,29.88541666666667,0.0061409338075544525
227000,29.95138888888889,0.005964374832257116
227500,30.017361111111114,0.005790246413812233
228000,30.083333333333332,0.005601213179872339
228500,30.149305555555557,0.005439778458119206
229000,30.215277777777775,0.005264628756153575
229500,30.28125,0.005082426929620258
230000,30.34722222222222,0.004939252062171312
230500,30.413194444444446,0.00475565462048204
231000,30.47916666666667,0.004603660196715678
231500,30.54513888888889,0.004458003742956385
232000,30.611111111111114,0.0042993566871653635
232500,30.677083333333332,0.004166597347974439
233000,30.743055555555557,0.0040337998012025915
233500,30.809027777777775,0.003906368747373867
234000,30.875,0.003793986119027203
234500,30.94097222222222,0.0036817252330467363
235000,31.006944444444446,0.0035797581685122703
235500,31.07291666666667,0.003494180206285237
236000,31.13888888888889,0.003395090682607532
236500,31.204861111111114,0.0033176380043135095
237000,31.270833333333332,0.003245358655611779
237500,31.336805555555557,0.0031720043837064793
238000,31.402777777777775,0.003111908351191001
238500,31.46875,0.0030489536474887957
239000,31.53472222222222,0.0029958396728547183
239500,31.600694444444446,0.002946323411010833
240000,31.66666666666667,0.0028911585543748004
240500,31.73263888888889,0.0028500269666646874
241000,31.798611111111114,0.0028091163036084023
241500,31.864583333333332,0.002762781753798462
242000,31.930555555555557,0.0027299630356018003
242500,31.996527777777775,0.0026931139228720574
243000,32.0625,0.002656166112964846
243500,32.12847222222222,0.002631709253543543
244000,32.19444444444444,0.00259855132818541
244500,32.26041666666667,0.00257064043162068
245000,32.326388888888886,0.002546469066068487
245500,32.392361111111114,0.0025184175578795128
246000,32.458333333333336,0.002497450214730386
246500,32.52430555555556,0.002470189603814306
247000,32.59027777777778,0.002455417850603001
247500,32.65625,0.002431395240570632
248000,32.72222222222222,0.0024151277625156994
248500,32.78819444444444,0.002398098768878405
249000,32.85416666666667,0.002382290130203883
249500,32.920138888888886,0.002360746022286995
250000,32.986111111111114,0.002345766944107278
250500,33.052083333333336,0.0023280133840242814
251000,33.11805555555556,0.0023050906871656496
251500,33.18402777777778,0.002290981360666132
252000,33.25,0.0022735442901363236
252500,33.31597222222222,0.0022545827836378844
253000,33.38194444444444,0.002240458721070031
253500,33.44791666666667,0.0022289368173663395
254000,33.513888888888886,0.0022120494527583883
254500,33.579861111111114,0.0022015385877240255
255000,33.645833333333336,0.0021915119757511185
255500,33.71180555555556,0.0021779049841921683
256000,33.77777777777778,0.002164607024531028
256500,33.84375,0.0021575578021904456
257000,33.90972222222222,0.002143934608116453
257500,33.97569444444444,0.0021326374140750617
258000,34.04166666666667,0.002120417709863066
258500,34.107638888888886,0.002107626292658525
259000,34.173611111111114,0.002097902578399194
259500,34.239583333333336,0.002082181273918478
260000,34.30555555555556,0.0020703973215080635
260500,34.37152777777778,0.002060849789555436
261000,34.4375,0.00204923054023592
261500,34.50347222222222,0.0020394386304816822
262000,34.56944444444444,0.0020319258893475222
262500,34.63541666666667,0.0020245918667262343
263000,34.701388888888886,0.002018855850749983
263500,34.767361111111114,0.0020134181670550186
264000,34.833333333333336,0.002010264263957606
264500,34.89930555555556,0.0020045586323099353
265000,34.96527777777778,0.0020046165645639055
265500,35.03125,0.0020052490175070116
266000,35.09722222222222,0.0020014528155649822
266500,35.16319444444444,0.002004195907705107
267000,35.22916666666667,0.00200815688179756
267500,35.29513888888889,0.0020104044802145725
268000,35.361111111111114,0.0020161511297060305
268500,35.427083333333336,0.0020248047052143117
269000,35.49305555555556,0.0020322490327236496
269500,35.55902777777778,0.0020424449464255807
270000,35.625,0.0020533608074933957
270500,35.69097222222222,0.0020685503801311945
271000,35.75694444444444,0.0020815378966895825
271500,35.82291666666667,0.0020946727666317287
272000,35.88888888888889,0.00211339456375444
272500,35.954861111111114,0.002129134078011981
273000,36.020833333333336,0.002148179255942274
273500,36.08680555555556,0.0021677487363941724
274000,36.15277777777778,0.0021850279424145418
274500,36.21875,0.002208701120349095
275000,36.28472222222222,0.0022300907459939976
275500,36.35069444444444,0.0022514468507377253
276000,36.41666666666667,0.002276399249088354
276500,36.48263888888889,0.0022995682171353254
277000,36.548611111111114,0.0023240948438604616
277500,36.614583333333336,0.0023489187404782557
278000,36.68055555555556,0.002375463700798502
278500,36.74652777777778,0.0024009783391470076
279000,36.8125,0.002426078644200836
279500,36.87847222222222,0.002453277338518138
280000,36.94444444444444,0.002478342898127395
280500,37.01041666666667,0.002503083522109208
281000,37.07638888888889,0.0025269447742707314
281500,37.142361111111114,0.0025508505642166082
282000,37.208333333333336,0.0025748321664997432
282500,37.27430555555556,0.0025967663983408927
283000,37.34027777777778,0.0026161972069894904
283500,37.40625,0.002635933578400696
284000,37.47222222222222,0.0026551110121647947
284500,37.53819444444444,0.002671135342495203
285000,37.60416666666667,0.0026840010426963197
285500,37.67013888888889,0.0026976713598344426
286000,37.736111111111114,0.0027084007111832387
286500,37.802083333333336,0.002715961848966582
287000,37.86805555555556,0.002723259726258093
287500,37.93402777777778,0.002726586421765869
288000,38.0,0.0027288313283025485
288500,38.06597222222222,0.002728632042225491
289000,38.13194444444444,0.002723302854880667
289500,38.19791666666667,0.0027176842370349643
290000,38.26388888888889,0.002709515404341187
290500,38.329861111111114,0.00269564441133269
291000,38.395833333333336,0.0026801487310694197
291500,38.46180555555556,0.00266239909879641
292000,38.52777777777778,0.0026417512444291942
292500,38.59375,0.002617281690073028
293000,38.65972222222222,0.002590197772134486
293500,38.72569444444444,0.0025632426423414416
294000,38.79166666666667,0.0025303730955237498
294500,38.85763888888889,0.0024959683299990896
295000,38.923611111111114,0.0024621778857406634
295500,38.989583333333336,0.002424451528619676
296000,39.05555555555556,0.0023843775716002064
296500,39.12152777777778,0.0023449178195536764
297000,39.1875,0.0023024802402141675
297500,39.25347222222222,0.002260334560547205
298000,39.31944444444444,0.002216417453989642
298500,39.38541666666667,0.002171833632207845
299000,39.45138888888889,0.0021275694542338447
299500,39.517361111111114,0.002081963112576815
300000,39.583333333333336,0.002036709308131674
300500,39.64930555555556,0.001993043012284893
301000,39.71527777777778,0.0019492502281672486
301500,39.78125,0.0019072424960106707
302000,39.84722222222222,0.001865733722593532
302500,39.91319444444444,0.0018265591996648321
303000,39.97916666666667,0.0017908642272635715
303500,40.04513888888889,0.00175652918830452
304000,40.111111111111114,0.0017237508373497137
304500,40.177083333333336,0.0016969225516413893
305000,40.24305555555556,0.0016721957519138992
305500,40.30902777777778,0.0016510662276835138
306000,40.375,0.001634013105900406
306500,40.44097222222222,0.0016201954759539183
307000,40.50694444444444,0.0016127838515600037
307500,40.57291666666667,0.0016099641237081806
308000,40.63888888888889,0.0016116429762167942
308500,40.704861111111114,0.0016185913297334389
309000,40.770833333333336,0.0016314126501620525
309500,40.83680555555556,0.0016495846695588692
310000,40.90277777777778,0.0016736591965940814
310500,40.96875,0.001704602097146564
311000,41.03472222222222,0.001740903181830145
311500,41.10069444444444,0.0017831989102828052
312000,41.16666666666667,0.0018325991278289404
312500,41.23263888888889,0.0018892939307891493
313000,41.298611111111114,0.0019520680555510524
313500,41.364583333333336,0.0020204052886523692
314000,41.43055555555556,0.002095948761647102
314500,41.49652777777778,0.002179296344379814
315000,41.5625,0.0022691260349184316
315500,41.62847222222222,0.002364411910261915
316000,41.69444444444444,0.0024661687175462545
316500,41.76041666666667,0.0025747744871187895
317000,41.82638888888889,0.0026886839973227442
317500,41.892361111111114,0.0028076125971542576
318000,41.958333333333336,0.0029342829940908546
318500,42.02430555555556,0.0030668413390286036
319000,42.09027777777778,0.0032010834209065405
319500,42.15625,0.0033433103822570146
320000,42.22222222222222,0.0034898490827331044
320500,42.28819444444444,0.003639882250913604
321000,42.35416666666667,0.003795940489226701
321500,42.42013888888889,0.00395323442200836
322000,42.486111111111114,0.00411501678981228
322500,42.552083333333336,0.004281971008663247
323000,42.61805555555556,0.004449624570526041
323500,42.68402777777778,0.004619726734427191
324000,42.75,0.004790699211040774
324500,42.81597222222222,0.004963822685975277
325000,42.88194444444444,0.005137660806737412
325500,42.94791666666667,0.0053115130162569085
326000,43.01388888888889,0.005484338189448672
326500,43.079861111111114,0.005655734623147925
327000,43.145833333333336,0.005827873302312007
327500,43.21180555555556,0.005996778273177673
328000,43.27777777777778,0.006162653530016885
328500,43.34375,0.006326366146527421
329000,43.40972222222222,0.006484754331284047
329500,43.47569444444444,0.006639233708612596
330000,43.54166666666667,0.006788870621291208
330500,43.60763888888889,0.006932935608817115
331000,43.673611111111114,0.007071628654577382
331500,43.739583333333336,0.007204518330886915
332000,43.80555555555556,0.007327502077380643
332500,43.87152777777778,0.007442980932204845
333000,43.9375,0.007551432662182639
333500,44.00347222222222,0.007651111855533101
334000,44.06944444444444,0.007742506664456944
334500,44.13541666666667,0.007824314689637043
335000,44.20138888888889,0.00789625256879248
335500,44.267361111111114,0.007958151918508615
336000,44.333333333333336,0.008012302844236645
336500,44.39930555555556,0.008055368524263492
337000,44.46527777777778,0.00808986482690585
337500,44.53125,0.00811197449859341
338000,44.59722222222222,0.008125033439555803
338500,44.66319444444444,0.008129725291764657
339000,44.72916666666667,0.008122392855559952
339500,44.79513888888889,0.008106064473479415
340000,44.861111111111114,0.008079270570204272
340500,44.927083333333336,0.008044145980546369
341000,44.99305555555556,0.007999340236277488
341500,45.05902777777778,0.007945426778043429
342000,45.125,0.007882728818351985
342500,45.19097222222222,0.007811875926870014
343000,45.25694444444444,0.007733976724934346
343500,45.32291666666667,0.007649819453843494
344000,45.38888888888889,0.00755887102468208
344500,45.454861111111114,0.007459638575893062
345000,45.520833333333336,0.0073544183582750925
345500,45.58680555555556,0.007244958505355071
346000,45.65277777777778,0.007130843964174245
346500,45.71875,0.007011789737213573
347000,45.78472222222222,0.006888555160244196
347500,45.85069444444444,0.006761100254205112
348000,45.91666666666667,0.006630825120348006
348500,45.98263888888889,0.00649895973854261
349000,46.048611111111114,0.006365294501779333
349500,46.114583333333336,0.0062290938584959035
350000,46.18055555555556,0.006090867756566013
350500,46.24652777777778,0.005952150938959464
351000,46.3125,0.005812875850014148
351500,46.37847222222222,0.005673790919034074
352000,46.44444444444444,0.0055354415415792835
352500,46.51041666666667,0.005397384119005159
353000,46.57638888888889,0.005260136475917951
353500,46.642361111111114,0.00512327093643345
354000,46.708333333333336,0.004988489108665944
354500,46.77430555555556,0.0048557725127088515
355000,46.84027777777778,0.004724490798612925
355500,46.90625,0.004594825419527204
356000,46.97222222222222,0.004467888580575688
356500,47.03819444444444,0.0043443653651222425
357000,47.10416666666667,0.004222597100674408
357500,47.17013888888889,0.004104718147219371
358000,47.236111111111114,0.003988627237070959
358500,47.302083333333336,0.0038756136445025164
359000,47.36805555555556,0.0037661969770366537
359500,47.43402777777778,0.0036591621842355943
360000,47.5,0.0035553189938810144
360500,47.56597222222222,0.00345481484384647
361000,47.63194444444444,0.00335724835645564
361500,47.69791666666667,0.003263936551167381
362000,47.76388888888889,0.0031725460536223085
362500,47.829861111111114,0.003085600520028801
363000,47.895833333333336,0.0030010124354772245
363500,47.96180555555556,0.002919720983803419
364000,48.02777777777778,0.0028413228805717096
364500,48.09375,0.0027661837822443806
365000,48.15972222222222,0.0026937741251590666
365500,48.22569444444444,0.002624479437205487
366000,48.29166666666667,0.0025587332602517447
366500,48.35763888888889,0.002495134246473074
367000,48.423611111111114,0.0024343119516995596
367500,48.489583333333336,0.00237651667522196
368000,48.55555555555556,0.002322051533046191
368500,48.62152777777778,0.002270003428458104
369000,48.6875,0.002220057968448572
369500,48.75347222222222,0.0021726958199755372
370000,48.81944444444444,0.00212809177445841
370500,48.88541666666667,0.002086271657525251
371000,48.95138888888889,0.002046693231065473
371500,49.017361111111114,0.0020091107391807628
372000,49.083333333333336,0.0019737928721731963
372500,49.14930555555556,0.0019403840931451945
373000,49.21527777777778,0.0019094959649535545
373500,49.28125,0.0018799979505207732
374000,49.34722222222222,0.0018523809443056055
374500,49.41319444444444,0.001826888992007943
375000,49.47916666666667,0.0018033863492043962
375500,49.54513888888889,0.0017816616354182993
376000,49.611111111111114,0.0017612162318041058
376500,49.677083333333336,0.0017425806723076129
377000,49.74305555555556,0.0017256028082631922
377500,49.80902777777778,0.0017103461905540697
378000,49.875,0.0016959284576947241
378500,49.94097222222222,0.001683203684282475
379000,50.00694444444444,0.0016719753784556403
379500,50.07291666666667,0.0016612547071884632
380000,50.13888888888889,0.001652440018638628
380500,50.204861111111114,0.0016442763993593278
381000,50.270833333333336,0.0016369686315569072
381500,50.33680555555556,0.001631264597566357
382000,50.40277777777778,0.0016258412973219924
382500,50.46875,0.0016219321702902318
383000,50.53472222222222,0.0016182696635976648
383500,50.60069444444444,0.0016157129248528337
384000,50.66666666666667,0.0016135781233332063
384500,50.73263888888889,0.0016120779605796835
385000,50.798611111111114,0.0016112715302410588
385500,50.864583333333336,0.0016109869962691616
386000,50.93055555555556,0.0016109064230386831
386500,50.99652777777778,0.0016117277216027548
387000,51.0625,0.0016127899750019326
387500,51.12847222222222,0.0016139860961348095
388000,51.19444444444444,0.0016158836830902222
388500,51.26041666666667,0.0016177759453473372
389000,51.32638888888889,0.0016196469408090222
389500,51.392361111111114,0.0016219747719049642
390000,51.458333333333336,0.0016244222150087779
390500,51.52430555555556,0.0016267290822848655
391000,51.59027777777778,0.001629203843642813
391500,51.65625,0.0016319493991647034
392000,51.72222222222222,0.0016345083780696823
392500,51.78819444444444,0.0016372359773974637
393000,51.85416666666667,0.0016401074759789514
393500,51.92013888888889,0.0016424790726411833
394000,51.986111111111114,0.0016451527830243008
394500,52.052083333333336,0.0016477030320885201
395000,52.11805555555556,0.0016500277308054228
395500,52.18402777777778,0.0016526038265024978
396000,52.25,0.0016548006790585881
396500,52.31597222222222,0.0016566425240751301
397000,52.38194444444444,0.0016587186971234692
397500,52.447916666666664,0.0016606300428397478
398000,52.51388888888889,0.0016624395768339224
398500,52.579861111111114,0.0016640432279784053
399000,52.64583333333334,0.0016657676798955232
399500,52.71180555555555,0.001667509154480668
400000,52.77777777777778,0.0016692791070836196
400500,52.84375,0.0016708048647725675
401000,52.90972222222223,0.00167246571737968
401500,52.97569444444444,0.0016745767547002883
402000,53.041666666666664,0.0016759326691690433
402500,53.10763888888889,0.001677707211618151
403000,53.173611111111114,0.001679705793393185
403500,53.23958333333334,0.0016819014116600842
404000,53.30555555555555,0.0016840815037986404
404500,53.37152777777778,0.0016869785139968548
405000,53.4375,0.0016896654353773062
405500,53.50347222222223,0.001692343044710637
406000,53.56944444444444,0.0016955593359604126
406500,53.635416666666664,0.0016988908260903708
407000,53.70138888888889,0.0017025709522030317
407500,53.767361111111114,0.001706902845772412
408000,53.83333333333334,0.0017107306359755352
408500,53.89930555555555,0.0017155565913779649
409000,53.96527777777778,0.0017205504792301388
409500,54.03125,0.0017258332259763565
410000,54.09722222222223,0.0017313127646597579
410500,54.16319444444444,0.0017374468265270093
411000,54.229166666666664,0.0017438824855438094
411500,54.29513888888889,0.0017506034722966776
412000,54.361111111111114,0.0017579146489434903
412500,54.42708333333334,0.001765747419559994
413000,54.49305555555555,0.0017733414327682105
413500,54.55902777777778,0.0017822869839052903
414000,54.625,0.0017910281882811952
414500,54.69097222222223,0.001799998001738665
415000,54.75694444444444,0.001809911214847405
415500,54.822916666666664,0.0018193377600714759
416000,54.88888888888889,0.0018299631819955486
416500,54.954861111111114,0.0018404648108216405
417000,55.02083333333334,0.0018512955410711714
417500,55.08680555555555,0.0018624537456298634
418000,55.15277777777778,0.0018736959730001888
418500,55.21875,0.001885041326724282
419000,55.28472222222223,0.0018971343307849153
419500,55.35069444444444,0.0019082504432453864
420000,55.416666666666664,0.0019200490715564214
420500,55.48263888888889,0.0019318997097677731
421000,55.548611111111114,0.0019430403062979068
421500,55.61458333333334,0.001954874797057717
422000,55.68055555555555,0.0019661001851150263
422500,55.74652777777778,0.0019769165140464283
423000,55.8125,0.0019870746395261544
423500,55.87847222222223,0.0019975377259998555
424000,55.94444444444444,0.0020069335715536462
424500,56.010416666666664,0.0020167657924213714
425000,56.07638888888889,0.0020256241097520206
425500,56.142361111111114,0.002034227097237528
426000,56.20833333333334,0.0020415154692746363
426500,56.27430555555555,0.002048659105660171
427000,56.34027777777778,0.002055326034200273
427500,56.40625,0.0020609257653388707
428000,56.47222222222223,0.0020658381762839228
428500,56.53819444444444,0.002070535593541694
429000,56.604166666666664,0.002074176330261451
429500,56.67013888888889,0.00207708624958824
430000,56.736111111111114,0.0020791682645517427
430500,56.80208333333334,0.002080560260324892
431000,56.86805555555555,0.002080691620082864
431500,56.93402777777778,0.0020801186129148783
432000,57.0,0.0020786440192085503
432500,57.06597222222223,0.0020761400062368394
433000,57.13194444444444,0.0020729121845683017
433500,57.197916666666664,0.0020680627663652537
434000,57.26388888888889,0.002062817705485456
434500,57.329861111111114,0.0020563820878986496
435000,57.39583333333334,0.002049714192258186
435500,57.46180555555555,0.0020415596983474967
436000,57.52777777777778,0.0020325101525733216
436500,57.59375,0.0020228047952949306
437000,57.65972222222223,0.0020130020550089256
437500,57.72569444444444,0.0020014292010049604
438000,57.791666666666664,0.0019896680337144626
438500,57.85763888888889,0.0019770449307599065
439000,57.923611111111114,0.00196378490458039
439500,57.98958333333334,0.0019503578311271905
440000,58.05555555555555,0.0019355465143867882
440500,58.12152777777778,0.0019202590501373174
441000,58.1875,0.0019044710816005356
441500,58.25347222222223,0.0018886968555225467
442000,58.31944444444444,0.0018723601342085442
442500,58.385416666666664,0.0018550519584134078
443000,58.45138888888889,0.00183780112874036
443500,58.517361111111114,0.0018206676353840696
444000,58.58333333333334,0.001802696687766723
444500,58.64930555555555,0.0017844720518281538
445000,58.71527777777778,0.0017657736462639755
445500,58.78125,0.0017477959374008886
446000,58.84722222222223,0.0017290321920808644
446500,58.91319444444444,0.0017101448654103309
447000,58.979166666666664,0.0016910750806666242
447500,59.04513888888889,0.0016723974523269564
448000,59.111111111111114,0.001653683955987994
448500,59.17708333333334,0.0016348761849631593
449000,59.24305555555555,0.0016166825322219852
449500,59.30902777777778,0.0015983641704975528
450000,59.375,0.0015809193384590692
450500,59.44097222222223,0.0015641774446520432
451000,59.50694444444444,0.0015487856367097678
451500,59.572916666666664,0.0015340609514346026
452000,59.63888888888889,0.0015202345501101526
452500,59.704861111111114,0.0015085738212201702
453000,59.77083333333334,0.0014978454405334108
453500,59.83680555555555,0.0014888801823297795
454000,59.90277777777778,0.0014818809549708987
454500,59.96875,0.0014772879538594648
455000,60.03472222222223,0.0014743514578339654
455500,60.10069444444444,0.001474099559580322
456000,60.166666666666664,0.0014764719436853033
456500,60.23263888888889,0.001480823694972821
457000,60.298611111111114,0.0014891954088978225
457500,60.36458333333334,0.0014992726025676625
458000,60.43055555555555,0.0015114332742933376
458500,60.49652777777778,0.001526800223376959
459000,60.5625,0.0015440538414773978
459500,60.62847222222223,0.0015642677138408875
460000,60.69444444444444,0.0015865625366790817
460500,60.760416666666664,0.0016112429961931717
461000,60.82638888888889,0.0016372510862259068
461500,60.892361111111114,0.001666214448426418
462000,60.95833333333334,0.0016961535335275652
462500,61.02430555555555,0.0017274468620030398
463000,61.09027777777778,0.0017598370542865035
463500,61.15625,0.0017935893312634337
464000,61.22222222222223,0.0018283829287245922
464500,61.28819444444444,0.0018631728337512438
465000,61.354166666666664,0.001898391768121319
465500,61.42013888888889,0.0019339238216016046
466000,61.486111111111114,0.0019692441480199095
466500,61.55208333333334,0.0020047705749152707
467000,61.61805555555555,0.0020401060142769527
467500,61.68402777777778,0.0020739371134293593
468000,61.75,0.002107413980848241
468500,61.81597222222223,0.002140526632931098
469000,61.88194444444444,0.00217203554710381
469500,61.947916666666664,0.002202726558057297
470000,62.01388888888889,0.002232669915661308
470500,62.079861111111114,0.002260926608447804
471000,62.14583333333334,0.0022884793029824633
471500,62.21180555555555,0.0023146951975405524
472000,62.27777777777778,0.002339628589535542
472500,62.34375,0.0023632469942322584
473000,62.40972222222223,0.00238547184505309
473500,62.47569444444444,0.0024069203025385614
474000,62.541666666666664,0.0024275941517125327
474500,62.60763888888889,0.0024470763136792933
475000,62.673611111111114,0.002464878801986012
475500,62.73958333333334,0.0024818724449214087
476000,62.80555555555555,0.0024981755313290264
476500,62.87152777777778,0.0025138974587516232
477000,62.9375,0.002529018804775598
477500,63.00347222222223,0.0025438816610715747
478000,63.06944444444444,0.002557823226157684
478500,63.135416666666664,0.002572026274577678
479000,63.20138888888889,0.002586274336145575
479500,63.267361111111114,0.002599409448847967
480000,63.33333333333334,0.0026127293700523337
480500,63.39930555555555,0.0026263025485250184
481000,63.46527777777778,0.0026395512204798184
481500,63.53125,0.0026529144030578507
482000,63.59722222222223,0.002666573562406034
482500,63.66319444444444,0.0026802809916832105
483000,63.729166666666664,0.0026945904035337426
483500,63.79513888888889,0.0027096221445417983
484000,63.861111111111114,0.0027248200947316173
484500,63.92708333333334,0.0027399571979287826
485000,63.99305555555555,0.0027554393767656713
485500,64.05902777777777,0.0027723286238472956
486000,64.125,0.0027896729185745957
486500,64.19097222222223,0.00280790305593816
487000,64.25694444444444,0.002826502650698004
487500,64.32291666666667,0.0028456709998471476
488000,64.38888888888889,0.0028658282283490085
488500,64.45486111111111,0.002887398029425431
489000,64.52083333333334,0.0029087493105427525
489500,64.58680555555556,0.002931182173766403
490000,64.65277777777777,0.002954419333335663
490500,64.71875,0.0029785103592867425
491000,64.78472222222223,0.0030019097564516007
491500,64.85069444444444,0.003027160455578985
492000,64.91666666666667,0.0030526949024388098
492500,64.98263888888889,0.003078885656975949
493000,65.04861111111111,0.0031047877275998943
493500,65.11458333333334,0.0031308640983564906
494000,65.18055555555556,0.0031565888879744254
494500,65.24652777777777,0.0031823576355018003
495000,65.3125,0.003207114410041733
495500,65.37847222222223,0.0032324830925141335
496000,65.44444444444444,0.0032578321887085054
496500,65.51041666666667,0.0032816614053802736
497000,65.57638888888889,0.0033039361678487466
497500,65.64236111111111,0.0033245805024205515
498000,65.70833333333334,0.003345400506307035
498500,65.77430555555556,0.003364237286624763
499000,65.84027777777777,0.003381325889656968
499500,65.90625,0.0033970701662829404
500000,65.97222222222223,0.0034112853012339454
500500,66.03819444444444,0.003423379129857447
501000,66.10416666666667,0.0034328687142812773
501500,66.17013888888889,0.0034422910420172917
502000,66.23611111111111,0.0034493446340944115
502500,66.30208333333334,0.0034548443889507383
503000,66.36805555555556,0.003458199690213369
503500,66.43402777777777,0.0034609809939556585
504000,66.5,0.0034616159103813865
504500,66.56597222222223,0.0034622600939278663
505000,66.63194444444444,0.0034608601411594045
505500,66.69791666666667,0.0034594739550236567
506000,66.76388888888889,0.0034588386933671754
506500,66.82986111111111,0.003457043025516725
507000,66.89583333333334,0.0034557879507135132
507500,66.96180555555556,0.003455430427848314
508000,67.02777777777777,0.0034564251161831477
508500,67.09375,0.003458841086105586
509000,67.15972222222223,0.0034620622699005994
509500,67.22569444444444,0.0034676236649585773
510000,67.29166666666667,0.003475664061519564
510500,67.35763888888889,0.0034853487845079843
511000,67.42361111111111,0.003496587811622867
511500,67.48958333333334,0.0035123684811396746
512000,67.55555555555556,0.003530510026860626
512500,67.62152777777777,0.0035488488440605405
513000,67.6875,0.0035730768426709084
513500,67.75347222222223,0.0035986229062275102
514000,67.81944444444444,0.0036260031898439544
514500,67.88541666666667,0.003656221014518802
515000,67.95138888888889,0.00368922494360463
515500,68.01736111111111,0.003725922495751607
516000,68.08333333333334,0.003759717360354781
516500,68.14930555555556,0.003799281630772606
517000,68.21527777777777,0.003839209572454044
517500,68.28125,0.0038796940803119385
518000,68.34722222222223,0.003921174603325709
518500,68.41319444444444,0.003963432257616852
519000,68.47916666666667,0.004007310415535809
519500,68.54513888888889,0.00404961937690588
520000,68.61111111111111,0.00409134162090868
520500,68.67708333333334,0.0041336256198014855
521000,68.74305555555556,0.004174548867007684
521500,68.80902777777777,0.004217702813501161
522000,68.875,0.00425747436609206
522500,68.94097222222223,0.00429744700450845
523000,69.00694444444444,0.004336101009317104
523500,69.07291666666667,0.0043770818770563135
524000,69.13888888888889,0.004413786948690113
524500,69.20486111111111,0.004450445127266568
525000,69.27083333333334,0.004487850229930507
525500,69.33680555555556,0.004524866861716658
526000,69.40277777777777,0.00456133937539721
526500,69.46875,0.004598357878127031
527000,69.53472222222223,0.004636145995750779
527500,69.60069444444444,0.004671831198289941
528000,69.66666666666667,0.004710058051867028
528500,69.73263888888889,0.0047467033411361164
529000,69.79861111111111,0.004786454243332209
529500,69.86458333333334,0.004825321186065109
530000,69.93055555555556,0.004864293682937494
530500,69.99652777777777,0.004906184056557004
531000,70.0625,0.00494581123911734
531500,70.12847222222223,0.004986376339855825
532000,70.19444444444444,0.005028443728609288
532500,70.26041666666667,0.005066785646024203
533000,70.32638888888889,0.0051080065225305345
533500,70.39236111111111,0.005147975728292618
534000,70.45833333333334,0.005187646741187314
534500,70.52430555555556,0.0052277608537694
535000,70.59027777777779,0.005266436077567725
535500,70.65625,0.005303079975777183
536000,70.72222222222223,0.005336866530648606
536500,70.78819444444444,0.005369796433016146
537000,70.85416666666667,0.005401052948482163
537500,70.92013888888889,0.0054286745221855375
538000,70.98611111111111,0.005455468427692378
538500,71.05208333333334,0.005477332267128965
539000,71.11805555555556,0.005495637299976764
539500,71.18402777777779,0.005515266884238046
540000,71.25,0.005528012713301391
540500,71.31597222222223,0.005538739301285547
541000,71.38194444444444,0.005544910406660137
541500,71.44791666666667,0.005548767234608611
542000,71.51388888888889,0.005548991358643304
542500,71.57986111111111,0.005544535179596732
543000,71.64583333333334,0.005536636565206637
543500,71.71180555555556,0.005527690417250829
544000,71.77777777777779,0.005512745795754086
544500,71.84375,0.005493905552217907
545000,71.90972222222223,0.005475038782708821
545500,71.97569444444444,0.005450174150438189
546000,72.04166666666667,0.005424774992440011
546500,72.10763888888889,0.005395714089018377
547000,72.17361111111111,0.005365659473177727
547500,72.23958333333334,0.0053305941414922954
548000,72.30555555555556,0.005294239066643636
548500,72.37152777777779,0.005256611519869027
549000,72.4375,0.005217554874384404
549500,72.50347222222223,0.005176747114766795
550000,72.56944444444444,0.005136363647507633
550500,72.63541666666667,0.005094118951343172
551000,72.70138888888889,0.005050901475213556
551500,72.76736111111111,0.005006926852677856
552000,72.83333333333334,0.004964808195321854
552500,72.89930555555556,0.004921522737233593
553000,72.96527777777779,0.004878253580759825
553500,73.03125,0.0048370054788032385
554000,73.09722222222223,0.004795634231722371
554500,73.16319444444444,0.004755168930092199
555000,73.22916666666667,0.004715878167959337
555500,73.29513888888889,0.00467828701691387
556000,73.36111111111111,0.0046423604423826295
556500,73.42708333333334,0.004609972461797775
557000,73.49305555555556,0.00457594320146949
557500,73.55902777777779,0.004544850427586136
558000,73.625,0.004516599066940417
558500,73.69097222222223,0.004488266603029847
559000,73.75694444444444,0.004461967237326982
559500,73.82291666666667,0.0044371108656320705
560000,73.88888888888889,0.004413927706938583
560500,73.95486111111111,0.004392553055062007
561000,74.02083333333334,0.004371455584756309
561500,74.08680555555556,0.004352294941617257
562000,74.15277777777779,0.004335163692392968
562500,74.21875,0.0043171964037007834
563000,74.28472222222223,0.004301161374814163
563500,74.35069444444444,0.00428489951203221
564000,74.41666666666667,0.004270287445804801
564500,74.48263888888889,0.0042560506452512465
565000,74.54861111111111,0.004239809164043481
565500,74.61458333333334,0.0042266608630421604
566000,74.68055555555556,0.004213216832481837
566500,74.74652777777779,0.0041996825543175725
567000,74.8125,0.004183572680247529
567500,74.87847222222223,0.004169620838452575
568000,74.94444444444444,0.004154182928379852
568500,75.01041666666667,0.004140258099184666
569000,75.07638888888889,0.004124633870298522
569500,75.14236111111111,0.004107929063440106
570000,75.20833333333334,0.004091307528895181
570500,75.27430555555556,0.004074194111642704
571000,75.34027777777779,0.004055056995491166
571500,75.40625,0.004035218310082239
572000,75.47222222222223,0.004015102523179981
572500,75.53819444444444,0.003994857356502118
573000,75.60416666666667,0.003973437228178005
573500,75.67013888888889,0.003948362952859081
574000,75.73611111111111,0.003924388530726137
574500,75.80208333333334,0.0038986119153431886
575000,75.86805555555556,0.0038701546008880826
575500,75.93402777777779,0.003843834279301972
576000,76.0,0.003813561420775206
576500,76.06597222222223,0.0037834237550323628
577000,76.13194444444444,0.003749834941417273
577500,76.19791666666667,0.0037177777443712303
578000,76.26388888888889,0.0036842820568397045
578500,76.32986111111111,0.0036500931218908243
579000,76.39583333333334,0.0036137049217634634
579500,76.46180555555556,0.003576985148267886
580000,76.52777777777779,0.003540171246092236
580500,76.59375,0.0035014415699389004
581000,76.65972222222223,0.0034632397170727106
581500,76.72569444444444,0.0034230139428264527
582000,76.79166666666667,0.00338323287413245
582500,76.85763888888889,0.003343027713937965
583000,76.92361111111111,0.0033025500346708985
583500,76.98958333333334,0.0032617857540050386
584000,77.05555555555556,0.0032201832168576123
584500,77.12152777777779,0.0031798829268695574
585000,77.1875,0.003137836244847701
585500,77.25347222222223,0.003096676731035307
586000,77.31944444444444,0.0030570579964611304
586500,77.38541666666667,0.0030141439382752157
587000,77.45138888888889,0.0029743627124534256
587500,77.51736111111111,0.0029328876217923545
588000,77.58333333333334,0.0028923786861626637
588500,77.64930555555556,0.0028520931019417844
589000,77.71527777777779,0.0028108414513968224
589500,77.78125,0.0027720876686965863
590000,77.84722222222223,0.0027307377520045958
590500,77.91319444444444,0.0026917106856620358
591000,77.97916666666667,0.002651674044171524
591500,78.04513888888889,0.0026131185991047357
592000,78.11111111111111,0.0025743074073042473
592500,78.17708333333334,0.0025352870623225328
593000,78.24305555555556,0.0024977963679671056
593500,78.30902777777779,0.002458872420631431
594000,78.375,0.0024213242724778483
594500,78.44097222222223,0.0023838525035255833
595000,78.50694444444444,0.0023464818307193233
595500,78.57291666666667,0.0023090290757262284
596000,78.63888888888889,0.0022715599054502727
596500,78.70486111111111,0.0022358145890183185
597000,78.77083333333334,0.0021994910434698233
597500,78.83680555555556,0.002162159648056758
598000,78.90277777777779,0.0021265949977357437
598500,78.96875,0.0020908309321425625
599000,79.03472222222223,0.0020542337607685856
599500,79.10069444444444,0.002019312619848791
600000,79.16666666666667,0.001982982901298138
600500,79.23263888888889,0.001947730690618555
601000,79.29861111111111,0.0019117759940700562
601500,79.36458333333334,0.0018770741204679722
602000,79.43055555555556,0.0018421052645977993
602500,79.49652777777779,0.0018067530490697191
603000,79.5625,0.0017722175540275506
603500,79.62847222222223,0.0017377208914939346
604000,79.69444444444444,0.0017031280731473575
604500,79.76041666666667,0.0016687751988213096
605000,79.82638888888889,0.0016351828528588562
605500,79.89236111111111,0.0016011489440920996
606000,79.95833333333334,0.0015680322257468034
606500,80.02430555555556,0.0015341649821465745
607000,80.09027777777779,0.0015018689792263445
607500,80.15625,0.0014687107690850645
608000,80.22222222222223,0.0014374473320406477
608500,80.28819444444444,0.0014054472284131439
609000,80.35416666666667,0.001374493297655805
609500,80.42013888888889,0.0013432893411633685
610000,80.48611111111111,0.0013129683352846701
610500,80.55208333333334,0.001283518426470124
611000,80.61805555555556,0.0012546589082091258
611500,80.68402777777779,0.0012263852100853935
612000,80.75,0.0011985176371060537
612500,80.81597222222223,0.001172304880501361
613000,80.88194444444444,0.0011465026378296493
613500,80.94791666666667,0.0011213555948038237
614000,81.01388888888889,0.0010980588683212908
614500,81.07986111111111,0.0010745091314294725
615000,81.14583333333334,0.0010539820790131259
615500,81.21180555555556,0.0010327976362241333
616000,81.27777777777779,0.0010131998288539794
616500,81.34375,0.0009954677174110911
617000,81.40972222222223,0.0009781871434505257
617500,81.47569444444444,0.0009626322614343113
618000,81.54166666666667,0.0009486423502546177
618500,81.60763888888889,0.0009353720484811058
619000,81.67361111111111,0.0009244894971477831
619500,81.73958333333334,0.0009139498405854796
620000,81.80555555555556,0.0009065100041124286
620500,81.87152777777779,0.0008996426245598917
621000,81.9375,0.0008942218225352633
621500,82.00347222222223,0.0008918944713167765
622000,82.06944444444444,0.0008897782066550166
622500,82.13541666666667,0.0008903433955325861
623000,82.20138888888889,0.0008929217977909471
623500,82.26736111111111,0.0008967665854686971
624000,82.33333333333334,0.0009023610311123219
624500,82.39930555555556,0.000911158837044602
625000,82.46527777777779,0.0009203144055991271
625500,82.53125,0.0009319030527789167
626000,82.59722222222223,0.0009459258103484689
626500,82.66319444444444,0.0009613854704088637
627000,82.72916666666667,0.0009786299351264309
627500,82.79513888888889,0.0009976287030604462
628000,82.86111111111111,0.0010188233625706
628500,82.92708333333334,0.0010411025801663686
629000,82.99305555555556,0.0010663006653398722
629500,83.05902777777779,0.0010926502109360684
630000,83.125,0.0011200705135960849
630500,83.19097222222223,0.0011493759404466147
631000,83.25694444444444,0.001180080898290061
631500,83.32291666666667,0.0012122964182438745
632000,83.38888888888889,0.0012465033818219607
632500,83.45486111111111,0.0012809492949876296
633000,83.52083333333334,0.0013168232822347178
633500,83.58680555555556,0.0013545847407706582
634000,83.65277777777779,0.0013927428802205544
634500,83.71875,0.0014320290231654932
635000,83.78472222222223,0.0014725793641057392
635500,83.85069444444444,0.0015142172234383676
636000,83.91666666666667,0.001555572504252881
636500,83.98263888888889,0.0015987860312201728
637000,84.04861111111111,0.0016423209712526014
637500,84.11458333333334,0.0016863643591450057
638000,84.18055555555556,0.0017304211599601443
638500,84.24652777777779,0.0017748410177192903
639000,84.3125,0.0018191587799481794
639500,84.37847222222223,0.0018642926131498942
640000,84.44444444444444,0.0019105334608677201
640500,84.51041666666667,0.0019556882593394186
641000,84.57638888888889,0.0020010923759855486
641500,84.64236111111111,0.002047568380615924
642000,84.70833333333334,0.0020937529510476637
642500,84.77430555555556,0.0021394093861330883
643000,84.84027777777779,0.002185338593896551
643500,84.90625,0.0022320479837324094
644000,84.97222222222223,0.0022781457742968923
644500,85.03819444444444,0.002324711296262629
645000,85.10416666666667,0.002371784039050867
645500,85.17013888888889,0.0024190592027024463
646000,85.23611111111111,0.002466952088967603
646500,85.30208333333334,0.0025154171534268904
647000,85.36805555555556,0.002564754349065654
647500,85.43402777777779,0.002614716495271649
648000,85.5,0.0026653713383183995
648500,85.56597222222223,0.00271643985368097
649000,85.63194444444444,0.0027687059461765032
649500,85.69791666666667,0.0028213626903575238
650000,85.76388888888889,0.0028747433131913057
650500,85.82986111111111,0.0029298337545946773
651000,85.89583333333334,0.0029860047871112477
651500,85.96180555555556,0.0030435580755730006
652000,86.02777777777779,0.003101698403565877
652500,86.09375,0.003160967162819184
653000,86.15972222222223,0.0032215082229676
653500,86.22569444444444,0.0032822570505032073
654000,86.29166666666667,0.00334418722025304
654500,86.35763888888889,0.0034070413866551606
655000,86.42361111111111,0.0034710143533701254
655500,86.48958333333334,0.003534961782281114
656000,86.55555555555556,0.003599480251800935
656500,86.62152777777779,0.0036639332453850394
657000,86.6875,0.0037296089443100183
657500,86.75347222222223,0.0037954438795850037
658000,86.81944444444444,0.0038610028895906664
658500,86.88541666666667,0.003927028918700042
659000,86.95138888888889,0.003992439956887156
659500,87.01736111111111,0.004057181140739802
660000,87.08333333333334,0.004122309041388159
660500,87.14930555555556,0.004185445347118941
661000,87.21527777777779,0.0042483955743536925
661500,87.28125,0.004310078118240429
662000,87.34722222222223,0.004370211174111152
662500,87.41319444444444,0.0044292204818238085
663000,87.47916666666667,0.0044859262970362085
663500,87.54513888888889,0.004540837243245545
664000,87.61111111111111,0.004595024488887451
664500,87.67708333333334,0.004646223658460329
665000,87.74305555555556,0.004694805997482587
665500,87.80902777777779,0.004741900182671971
666000,87.875,0.004785396384650594
666500,87.94097222222223,0.004827915348654621
667000,88.00694444444444,0.004867318342812108
667500,88.07291666666667,0.004903986511670239
668000,88.13888888888889,0.0049372891880841464
668500,88.20486111111111,0.004968449002001056
669000,88.27083333333334,0.004996495092847344
669500,88.33680555555556,0.005022097668508312
670000,88.40277777777779,0.0050449348856244245
670500,88.46875,0.005064507929563829
671000,88.53472222222223,0.005080993312394245
671500,88.60069444444444,0.005095794684753677
672000,88.66666666666667,0.005108074698778025
672500,88.73263888888889,0.005118246199658576
673000,88.79861111111111,0.00512505783330791
673500,88.86458333333334,0.005128964503081825
674000,88.93055555555556,0.005131300685003875
674500,88.99652777777779,0.005131876813588226
675000,89.0625,0.00513036974197572
675500,89.12847222222223,0.005126385270646974
676000,89.19444444444444,0.005120796481122192
676500,89.26041666666667,0.005113003424247057
677000,89.32638888888889,0.0051033930370726795
677500,89.39236111111111,0.005093841533115695
678000,89.45833333333334,0.005083270491424033
678500,89.52430555555556,0.00507099456731311
679000,89.59027777777779,0.005056999991308993
679500,89.65625,0.005041657169950373
680000,89.72222222222223,0.005026134117839976
680500,89.78819444444444,0.005009485117728849
681000,89.85416666666667,0.004992728980598967
681500,89.92013888888889,0.004975932955406993
682000,89.98611111111111,0.004959169235092244
682500,90.05208333333334,0.004942648277819817
683000,90.11805555555556,0.004926065166838562
683500,90.18402777777779,0.004908770735815594
684000,90.25,0.004892436863145912
684500,90.31597222222223,0.004876895128311718
685000,90.38194444444444,0.004863168504159604
685500,90.44791666666667,0.004849765206739211
686000,90.51388888888889,0.004836963724547105
686500,90.57986111111111,0.004825586156288018
687000,90.64583333333334,0.0048154861770068865
687500,90.71180555555556,0.0048060718346474
688000,90.77777777777779,0.004798461341085074
688500,90.84375,0.0047927852980719585
689000,90.90972222222223,0.00478885101477612
689500,90.97569444444444,0.0047865461883905645
690000,91.04166666666667,0.004786401163257657
690500,91.10763888888889,0.004788460534461574
691000,91.17361111111111,0.004791786929971557
691500,91.23958333333334,0.0047978597565294
692000,91.30555555555556,0.004806567031307388
692500,91.37152777777779,0.0048177139239714666
693000,91.4375,0.004829632093336404
693500,91.50347222222223,0.004843504558604407
694000,91.56944444444444,0.004858800885450441
694500,91.63541666666667,0.004877576059779184
695000,91.70138888888889,0.0048979717992331685
695500,91.76736111111111,0.004920716658011532
696000,91.83333333333334,0.0049451080800056975
696500,91.89930555555556,0.004971435676996245
697000,91.96527777777779,0.0049996936194900395
697500,92.03125,0.005030297793756554
698000,92.09722222222223,0.005063274276673205
698500,92.16319444444444,0.005098662875053946
699000,92.22916666666667,0.005134657714975163
699500,92.29513888888889,0.005171745230914479
700000,92.36111111111111,0.0052100537686494645
700500,92.42708333333334,0.005247970869796288
701000,92.49305555555556,0.005287506235040661
701500,92.55902777777779,0.005328094542449295
702000,92.625,0.005369630113060275
702500,92.69097222222223,0.005413702581591634
703000,92.75694444444444,0.005457343069726148
703500,92.82291666666667,0.005501143687065152
704000,92.88888888888889,0.005544785208469913
704500,92.95486111111111,0.005587431214983947
705000,93.02083333333334,0.005630419384331944
705500,93.08680555555556,0.005671895070659303
706000,93.15277777777779,0.005712338943596716
706500,93.21875,0.005751966287662274
707000,93.28472222222223,0.0057898011758929615
707500,93.35069444444444,0.005827176267628318
708000,93.41666666666667,0.005862654519411374
708500,93.48263888888889,0.005894817707552294
709000,93.54861111111111,0.005924886439835828
709500,93.61458333333334,0.005952361096837367
710000,93.68055555555556,0.005979300525852507
710500,93.74652777777779,0.006001310141302176
711000,93.8125,0.006019094178306385
711500,93.87847222222223,0.006034575359539695
712000,93.94444444444444,0.006048783706064243
712500,94.01041666666667,0.006062036912078308
713000,94.07638888888889,0.0060698751484151965
713500,94.14236111111111,0.006069287846629721
714000,94.20833333333334,0.006069022953868121
714500,94.27430555555556,0.006065570919530988
715000,94.34027777777779,0.006054408130994476
715500,94.40625,0.006042510935248098
716000,94.47222222222223,0.006025690401524133
716500,94.53819444444444,0.006003726677305578
717000,94.60416666666667,0.005976734949325209
717500,94.67013888888889,0.005947665395446589
718000,94.73611111111111,0.005916962614081198
718500,94.80208333333334,0.005878391766520426
719000,94.86805555555556,0.005835992505483199
719500,94.93402777777779,0.005789727815933303
720000,95.0,0.005738472229472085
720500,95.06597222222223,0.005688580083167024
721000,95.13194444444444,0.005631300112195855
721500,95.19791666666667,0.005567026581998751
722000,95.26388888888889,0.005505878595445014
722500,95.32986111111111,0.00544238687001136
723000,95.39583333333334,0.005371411306429432
723500,95.46180555555556,0.005299505057175954
724000,95.52777777777779,0.005227540488594453
724500,95.59375,0.005148645817597425
725000,95.65972222222223,0.005071397557860008
725500,95.72569444444444,0.00499540833994364
726000,95.79166666666667,0.004915273009595689
726500,95.85763888888889,0.00483878403103575
727000,95.92361111111111,0.004757784163064365
727500,95.98958333333334,0.004679123791612399
728000,96.05555555555556,0.004604727185056104
728500,96.12152777777779,0.004526851960989702
729000,96.1875,0.004449956694397677
729500,96.25347222222223,0.004377469520055948
730000,96.31944444444444,0.004305957941977325
730500,96.38541666666667,0.004235038452109523
731000,96.45138888888889,0.004166464245338405
731500,96.51736111111111,0.004101174145357208
732000,96.58333333333334,0.004038353790672383
732500,96.64930555555556,0.003979047339259209
733000,96.71527777777779,0.003921321353727174
733500,96.78125,0.0038640515881338744
734000,96.84722222222223,0.0038140712916408773
734500,96.91319444444444,0.003766970088851184
735000,96.97916666666667,0.003720899773344908
735500,97.04513888888889,0.0036792268999121212
736000,97.11111111111111,0.0036420582466565746
736500,97.17708333333334,0.0036067202039094253
737000,97.24305555555556,0.0035757348186275595
737500,97.30902777777779,0.0035471675862827133
738000,97.375,0.0035210323988658617
738500,97.44097222222223,0.0035019399566548165
739000,97.50694444444444,0.003483021879914204
739500,97.57291666666667,0.0034657257088499096
740000,97.63888888888889,0.0034539188961048638
740500,97.70486111111111,0.0034431098950218203
741000,97.77083333333334,0.003434305991017047
741500,97.83680555555556,0.0034314625125431964
742000,97.90277777777779,0.0034280584978333096
742500,97.96875,0.003425357543712701
743000,98.03472222222223,0.003425550650126274
743500,98.10069444444444,0.0034289676513257566
744000,98.16666666666667,0.003434550741510865
744500,98.23263888888889,0.003437889396158129
745000,98.29861111111111,0.0034454668379243288
745500,98.36458333333334,0.0034541445295105163
746000,98.43055555555556,0.0034597019987854275
746500,98.49652777777779,0.0034705637875664377
747000,98.5625,0.0034800224462213127
747500,98.62847222222223,0.0034867389886162497
748000,98.69444444444444,0.0034971155839051684
748500,98.76041666666667,0.0035054596401296596
749000,98.82638888888889,0.0035149138702867057
749500,98.89236111111111,0.0035239756669804435
750000,98.95833333333334,0.0035323499845711097
750500,99.02430555555556,0.003538991312485308
751000,99.09027777777779,0.003544969644257171
751500,99.15625,0.0035537623558139202
752000,99.22222222222223,0.00356077325264922
752500,99.28819444444444,0.0035621453257740267
753000,99.35416666666667,0.0035668416856899986
753500,99.42013888888889,0.0035704631680347166
754000,99.48611111111111,0.0035715219632042002
754500,99.55208333333334,0.00357133809339685
755000,99.61805555555556,0.0035696563831009295
755500,99.68402777777779,0.0035668211437610816
756000,99.75,0.003562912106310464
756500,99.81597222222223,0.0035572654454337853
757000,99.88194444444444,0.0035477943708826136
757500,99.94791666666667,0.003539788299791785
758000,100.01388888888889,0.003527968149305374
758500,100.07986111111111,0.003514761890312366
759000,100.14583333333334,0.003499241444361066
759500,100.21180555555556,0.0034808432961979
760000,100.27777777777779,0.003461661443259921
760500,100.34375,0.003440145121733976
761000,100.40972222222223,0.003415879612878642
761500,100.47569444444444,0.003389666232439127
762000,100.54166666666667,0.0033609021112658635
762500,100.60763888888889,0.0033303067592054766
763000,100.67361111111111,0.0032988825225343924
763500,100.73958333333334,0.003263389882913847
764000,100.80555555555556,0.003226414984767097
764500,100.87152777777779,0.00318763664615198
765000,100.9375,0.003146300225217838
765500,101.00347222222223,0.0031041832530836026
766000,101.06944444444444,0.003058310541729308
766500,101.13541666666667,0.003011252791059655
767000,101.20138888888889,0.002961810774665813
767500,101.26736111111111,0.0029113225202937296
768000,101.33333333333334,0.002860205116970137
768500,101.39930555555556,0.0028056193310622007
769000,101.46527777777779,0.002751661198164911
769500,101.53125,0.002696247468512122
770000,101.59722222222223,0.002639806554768779
770500,101.66319444444444,0.002582843028384297
771000,101.72916666666667,0.002523414219811493
771500,101.79513888888889,0.0024649772848551123
772000,101.86111111111111,0.002406439626016626
772500,101.92708333333334,0.0023497085014257484
773000,101.99305555555556,0.0022926657363380285
773500,102.05902777777779,0.002233335622618614
774000,102.125,0.00217634388789641
774500,102.19097222222223,0.0021216227682717206
775000,102.25694444444444,0.002066671989818333
775500,102.32291666666667,0.0020134643680486874
776000,102.38888888888889,0.001961212818526858
776500,102.45486111111111,0.0019112742811755034
777000,102.52083333333334,0.0018628563940596083
777500,102.58680555555556,0.0018178585830045662
778000,102.65277777777779,0.0017738693162854756
778500,102.71875,0.0017328955729197834
779000,102.78472222222223,0.0016958916487293638
779500,102.85069444444444,0.0016611656461835006
780000,102.91666666666667,0.0016279998774627333
780500,102.98263888888889,0.0015981780514897088
781000,103.04861111111111,0.0015720851851963747
781500,103.11458333333334,0.0015497152756703215
782000,103.18055555555556,0.0015294495518966866
782500,103.24652777777779,0.0015136234282970714
783000,103.3125,0.0015001165306013544
783500,103.37847222222223,0.001490230683504012
784000,103.44444444444444,0.0014836872685579654
784500,103.51041666666667,0.0014795903858213627
785000,103.57638888888889,0.0014800740302612233
785500,103.64236111111111,0.0014827277914733585
786000,103.70833333333334,0.0014881698994071457
786500,103.77430555555556,0.001497205206036172
787000,103.84027777777779,0.0015074998497371923
787500,103.90625,0.001521042069559643
788000,103.97222222222223,0.0015381280965967314
788500,104.03819444444444,0.00155729154181673
789000,104.10416666666667,0.001577539747781572
789500,104.17013888888889,0.0016005028501695532
790000,104.23611111111111,0.0016251421005945088
790500,104.30208333333333,0.0016516901536540376
791000,104.36805555555556,0.0016803976912833035
791500,104.43402777777779,0.0017086214685254838
792000,104.5,0.001739690245585366
792500,104.56597222222223,0.0017712188217056952
793000,104.63194444444444,0.0018022961481421406
793500,104.69791666666667,0.0018356303160699727
794000,104.76388888888889,0.0018680261536045495
794500,104.82986111111111,0.001899356599098088
795000,104.89583333333333,0.001931485970291094
795500,104.96180555555556,0.0019633666089688222
796000,105.02777777777779,0.001994086242702618
796500,105.09375,0.0020249191695775257
797000,105.15972222222223,0.0020531063523824365
797500,105.22569444444446,0.0020814793740203726
798000,105.29166666666669,0.002108403550735158
798500,105.35763888888889,0.0021335666211010364
799000,105.4236111111111,0.0021572946783684106
799500,105.48958333333333,0.0021793242479560405
800000,105.55555555555556,0.00220096064789631
800500,105.62152777777779,0.002220057086243653
801000,105.6875,0.002235901829284207
801500,105.75347222222223,0.0022503721392087054
802000,105.81944444444446,0.0022645526158568074
802500,105.88541666666669,0.0022754948264297396
803000,105.95138888888889,0.0022832993621422445
803500,106.0173611111111,0.0022914355188741603
804000,106.08333333333333,0.002297546951428324
804500,106.14930555555556,0.0023007222581295592
805000,106.21527777777779,0.0023013323286055674
805500,106.28125,0.0023004501188393835
806000,106.34722222222223,0.002300212546236201
806500,106.41319444444446,0.002296063630460551
807000,106.47916666666669,0.0022900166473249642
807500,106.54513888888889,0.0022838274748503188
808000,106.6111111111111,0.0022752087148094546
808500,106.67708333333333,0.0022668460540810325
809000,106.74305555555556,0.002257419433757649
809500,106.80902777777779,0.0022461631973253603
810000,106.875,0.0022349126667583533
810500,106.94097222222223,0.0022234431178724773
811000,107.00694444444446,0.0022107793886202314
811500,107.07291666666669,0.0021985813345413727
812000,107.13888888888889,0.00218579838377765
812500,107.2048611111111,0.002173549766775326
813000,107.27083333333333,0.0021617494410072244
813500,107.33680555555556,0.00215037962420322
814000,107.40277777777779,0.002138450080640922
814500,107.46875,0.002126624774745037
815000,107.53472222222223,0.002115764592564161
815500,107.60069444444446,0.0021060467100491144
816000,107.66666666666669,0.002096457812619226
816500,107.73263888888889,0.002087745599455915
817000,107.7986111111111,0.0020792569726934633
817500,107.86458333333333,0.0020708367218052874
818000,107.93055555555556,0.002066287988245072
818500,107.99652777777779,0.0020607087799360125
819000,108.0625,0.0020558514898589256
819500,108.12847222222223,0.0020526718257217985
820000,108.19444444444446,0.0020508560196283894
820500,108.26041666666669,0.002049787212509993
821000,108.32638888888889,0.0020480498198263337
821500,108.3923611111111,0.0020487348737865943
822000,108.45833333333333,0.0020520738267328226
822500,108.52430555555556,0.0020551215282430114
823000,108.59027777777779,0.002059331830217721
823500,108.65625,0.002064342650766439
824000,108.72222222222223,0.002070062387553439
824500,108.78819444444446,0.0020779787324135177
825000,108.85416666666669,0.0020866077269339673
825500,108.92013888888889,0.0020959961227587807
826000,108.9861111111111,0.0021067813094262783
826500,109.05208333333333,0.0021186735515279042
827000,109.11805555555556,0.00213241566121789
827500,109.18402777777779,0.0021463502864704277
828000,109.25,0.0021611572067331076
828500,109.31597222222223,0.0021777782808612466
829000,109.38194444444446,0.002193380206724086
829500,109.44791666666669,0.002210881830547136
830000,109.51388888888889,0.002231240384565494
830500,109.5798611111111,0.0022503136632504115
831000,109.64583333333333,0.0022703389415742146
831500,109.71180555555556,0.0022925040161006546
832000,109.77777777777779,0.0023145200522747605
832500,109.84375,0.0023361012362818003
833000,109.90972222222223,0.0023592810058592657
833500,109.97569444444446,0.0023831397260354425
834000,110.04166666666669,0.0024072577272270463
834500,110.10763888888889,0.0024326134001094674
835000,110.1736111111111,0.002458399307713143
835500,110.23958333333333,0.002483571948206128
836000,110.30555555555556,0.0025095036032574663
