step,omega_ci_t,region,q_parallel_mean,q_parallel_abs_mean,q_perp_mean,q_perp_abs_mean
0,0.0,low_y_low_z,-5.541426882620355e-09,9.671751624427629e-06,4.83530198812966e-07,4.83530198812966e-07
0,0.0,low_y_high_z,-4.4380740315027066e-08,9.65197190833799e-06,4.814999818631641e-07,4.814999818631641e-07
0,0.0,high_y_low_z,-4.575421978793564e-08,9.695937424506622e-06,4.809387538058155e-07,4.809387538058155e-07
0,0.0,high_y_high_z,-4.164209389722627e-08,9.71453925940281e-06,4.818489104567898e-07,4.818489104567898e-07
3000,0.2783203125,low_y_low_z,4.00061259040302e-08,6.098427003079468e-06,3.5114520038534384e-07,3.5114520038534384e-07
3000,0.2783203125,low_y_high_z,-3.911059494088713e-08,6.0671455017009e-06,3.499655295260223e-07,3.499655295260223e-07
3000,0.2783203125,high_y_low_z,-4.5728194144193e-08,6.106913441197412e-06,3.496513721957839e-07,3.496513721957839e-07
3000,0.2783203125,high_y_high_z,-6.209339691772783e-08,6.106141972011765e-06,3.5115105533285984e-07,3.5115105533285984e-07
6000,0.556640625,low_y_low_z,2.750651074266578e-08,5.873190953809032e-06,3.625330412444066e-07,3.625330412444066e-07
6000,0.556640625,low_y_high_z,-5.2630489454535603e-08,5.897566105925542e-06,3.6253205727661084e-07,3.6253205727661084e-07
6000,0.556640625,high_y_low_z,-3.137521423714304e-08,5.909720193611955e-06,3.61080406781635e-07,3.61080406781635e-07
6000,0.556640625,high_y_high_z,-6.227159904027968e-08,5.946524778834408e-06,3.636229252957197e-07,3.636229252957197e-07
9000,0.8349609375,low_y_low_z,3.389082904005219e-08,5.73432094500926e-06,3.7607571741493454e-07,3.7607571741493454e-07
9000,0.8349609375,low_y_high_z,-5.841241113203284e-08,5.700202298164176e-06,3.7441593520127913e-07,3.7441593520127913e-07
9000,0.8349609375,high_y_low_z,-2.395484951276087e-08,5.68839644817145e-06,3.7340389748137226e-07,3.7340389748137226e-07
9000,0.8349609375,high_y_high_z,-3.623611529765426e-08,5.705489073841718e-06,3.755674276283724e-07,3.755674276283724e-07
12000,1.11328125,low_y_low_z,2.6862993104833325e-08,5.516287731768679e-06,3.8927398683163696e-07,3.8927398683163696e-07
12000,1.11328125,low_y_high_z,-7.077305595763522e-08,5.506693522035618e-06,3.8985788256495284e-07,3.8985788256495284e-07
12000,1.11328125,high_y_low_z,-1.624952414799962e-08,5.548841905930086e-06,3.8864046594840925e-07,3.8864046594840925e-07
12000,1.11328125,high_y_high_z,-1.3440999534990864e-08,5.514024182031486e-06,3.8973635989323025e-07,3.8973635989323025e-07
15000,1.3916015625,low_y_low_z,-1.4498454858697982e-09,5.326000896569817e-06,4.059855458930964e-07,4.059855458930964e-07
15000,1.3916015625,low_y_high_z,-3.133618907103514e-08,5.292775217805252e-06,4.044927899877321e-07,4.044927899877321e-07
15000,1.3916015625,high_y_low_z,-1.6875503243799685e-08,5.323060486583086e-06,4.042036617849388e-07,4.042036617849388e-07
15000,1.3916015625,high_y_high_z,-4.3978716310669915e-08,5.320836946247866e-06,4.0485351551764266e-07,4.0485351551764266e-07
18000,1.669921875,low_y_low_z,-1.3242895599707729e-08,5.151161101968758e-06,4.1986218682780873e-07,4.1986218682780873e-07
18000,1.669921875,low_y_high_z,-2.762292415850288e-08,5.133728885197901e-06,4.2088887597667335e-07,4.2088887597667335e-07
18000,1.669921875,high_y_low_z,-1.437590623599849e-08,5.161151032276234e-06,4.198744971765727e-07,4.198744971765727e-07
18000,1.669921875,high_y_high_z,-2.829537464205216e-08,5.1396226407226485e-06,4.2040574451167806e-07,4.2040574451167806e-07
21000,1.9482421875,low_y_low_z,-4.309602710859427e-09,4.955148896504046e-06,4.40277285041601e-07,4.40277285041601e-07
21000,1.9482421875,low_y_high_z,1.4844449959884435e-09,4.958216655235509e-06,4.395005147471046e-07,4.395005147471046e-07
21000,1.9482421875,high_y_low_z,-1.7621530560584705e-08,4.937900904153897e-06,4.4162709636146895e-07,4.4162709636146895e-07
21000,1.9482421875,high_y_high_z,-5.699563898208564e-08,4.9729203484957895e-06,4.407565608285731e-07,4.407565608285731e-07
24000,2.2265625,low_y_low_z,-1.7593920041383402e-08,4.794708216968083e-06,4.610381139583514e-07,4.610381139583514e-07
24000,2.2265625,low_y_high_z,-1.6210836740195348e-08,4.769818390513314e-06,4.6095078611219476e-07,4.6095078611219476e-07
24000,2.2265625,high_y_low_z,-7.249786311367488e-10,4.748019071976846e-06,4.5872130761292103e-07,4.5872130761292103e-07
24000,2.2265625,high_y_high_z,-4.5544785684917276e-08,4.7827370165301244e-06,4.6034188059801606e-07,4.6034188059801606e-07
27000,2.5048828125,low_y_low_z,-2.832393313332747e-08,4.592628628502895e-06,4.81647047783424e-07,4.81647047783424e-07
27000,2.5048828125,low_y_high_z,-8.82259583725427e-09,4.603520238959279e-06,4.836363326446465e-07,4.836363326446465e-07
27000,2.5048828125,high_y_low_z,-3.1157928921712067e-09,4.581947823949309e-06,4.825099923168933e-07,4.825099923168933e-07
27000,2.5048828125,high_y_high_z,-5.7399237792670375e-08,4.5995697184971605e-06,4.814379063539461e-07,4.814379063539461e-07
30000,2.783203125,low_y_low_z,-1.5853512809157178e-08,4.4437265749366824e-06,5.077060892204311e-07,5.077060892204311e-07
30000,2.783203125,low_y_high_z,-1.5579451641368307e-08,4.414705623119609e-06,5.076264372810613e-07,5.076264372810613e-07
30000,2.783203125,high_y_low_z,7.39271110341723e-09,4.429207666181785e-06,5.086333800634121e-07,5.086333800634121e-07
30000,2.783203125,high_y_high_z,-5.0546877397792e-08,4.439366085994106e-06,5.083954537645465e-07,5.083954537645465e-07
33000,3.0615234375,low_y_low_z,-3.0127222540927304e-08,4.252743873022864e-06,5.323551338505553e-07,5.323551338505553e-07
33000,3.0615234375,low_y_high_z,-2.6454801789861056e-08,4.269752220602044e-06,5.330419791074376e-07,5.330419791074376e-07
33000,3.0615234375,high_y_low_z,2.7215230621564708e-08,4.218693993218306e-06,5.342793126299111e-07,5.342793126299111e-07
33000,3.0615234375,high_y_high_z,-6.508149401811538e-08,4.254488831383523e-06,5.344678576249738e-07,5.344678576249738e-07
36000,3.33984375,low_y_low_z,-3.38895143404191e-08,4.094632944828538e-06,5.612125974120867e-07,5.612125974120867e-07
36000,3.33984375,low_y_high_z,-1.6340561193723598e-08,4.110454690559736e-06,5.604682820941449e-07,5.604682820941449e-07
36000,3.33984375,high_y_low_z,3.1018632277860605e-08,4.080763018861749e-06,5.603404648356755e-07,5.603404648356755e-07
36000,3.33984375,high_y_high_z,-5.300316516024842e-08,4.102813929345637e-06,5.597525707026098e-07,5.597525707026098e-07
39000,3.6181640625,low_y_low_z,-3.6637388237046e-08,3.935094005278379e-06,5.877869383804087e-07,5.877869383804087e-07
39000,3.6181640625,low_y_high_z,-2.619336212361337e-08,3.957186174047934e-06,5.87622326710793e-07,5.87622326710793e-07
39000,3.6181640625,high_y_low_z,2.1906018314627672e-08,3.923562949923639e-06,5.880644745404722e-07,5.880644745404722e-07
39000,3.6181640625,high_y_high_z,-3.5804127203140826e-08,3.937648820163802e-06,5.872750381538825e-07,5.872750381538825e-07
42000,3.896484375,low_y_low_z,-1.4908052566214497e-08,3.792934200194079e-06,6.205075674880039e-07,6.205075674880039e-07
42000,3.896484375,low_y_high_z,-4.227168027447248e-08,3.770744389313619e-06,6.186059087147394e-07,6.186059087147394e-07
42000,3.896484375,high_y_low_z,2.3853346987537422e-08,3.7731727186335837e-06,6.225426677320667e-07,6.225426677320667e-07
42000,3.896484375,high_y_high_z,-2.7297166249746344e-08,3.782284581670762e-06,6.179403161401788e-07,6.179403161401788e-07
45000,4.1748046875,low_y_low_z,-2.3926633907736647e-08,3.6380103639749266e-06,6.483038116359698e-07,6.483038116359698e-07
45000,4.1748046875,low_y_high_z,-4.109128485504117e-08,3.626201772511069e-06,6.509268330484418e-07,6.509268330484418e-07
45000,4.1748046875,high_y_low_z,9.55482747347313e-09,3.6432722049432117e-06,6.519764953297269e-07,6.519764953297269e-07
45000,4.1748046875,high_y_high_z,-9.902894191558128e-09,3.6352241327071935e-06,6.533809846941866e-07,6.533809846941866e-07
48000,4.453125,low_y_low_z,-2.61914441414722e-08,3.511560723075978e-06,6.864175161755874e-07,6.864175161755874e-07
48000,4.453125,low_y_high_z,-1.8654612508820288e-08,3.4916382307562028e-06,6.858501643650639e-07,6.858501643650639e-07
48000,4.453125,high_y_low_z,2.385469235843903e-08,3.504402699769613e-06,6.875441603581017e-07,6.875441603581017e-07
48000,4.453125,high_y_high_z,-2.626732446265241e-08,3.4989620660425136e-06,6.899718928312206e-07,6.899718928312206e-07
51000,4.7314453125,low_y_low_z,-6.092119844675038e-09,3.3492203218269976e-06,7.211933374921842e-07,7.211933374921842e-07
51000,4.7314453125,low_y_high_z,-6.504677386274902e-08,3.3510884647844673e-06,7.245037220290824e-07,7.245037220290824e-07
51000,4.7314453125,high_y_low_z,1.0408396390219185e-08,3.3564745775535296e-06,7.221358551196811e-07,7.221358551196811e-07
51000,4.7314453125,high_y_high_z,1.5771235435010507e-09,3.35951106989545e-06,7.236840192598935e-07,7.236840192598935e-07
54000,5.009765625,low_y_low_z,-1.3521019273324094e-08,3.2253468203587103e-06,7.611847502019633e-07,7.611847502019633e-07
54000,5.009765625,low_y_high_z,-4.8662697930476535e-08,3.2179532416231626e-06,7.617760732328789e-07,7.617760732328789e-07
54000,5.009765625,high_y_low_z,1.4781433059974025e-08,3.2311738650900693e-06,7.614548684952321e-07,7.614548684952321e-07
54000,5.009765625,high_y_high_z,-1.022980251175816e-08,3.2434012055825323e-06,7.623918101471806e-07,7.623918101471806e-07
57000,5.2880859375,low_y_low_z,-9.823510267881553e-09,3.1197332882002255e-06,8.001141905171227e-07,8.001141905171227e-07
57000,5.2880859375,low_y_high_z,-3.903802034928794e-08,3.0960958115694908e-06,8.014618181015561e-07,8.014618181015561e-07
57000,5.2880859375,high_y_low_z,2.4405929828932456e-08,3.1221466532253373e-06,8.065929079873328e-07,8.065929079873328e-07
57000,5.2880859375,high_y_high_z,-1.8483633031319084e-08,3.101925940944211e-06,8.033853508118898e-07,8.033853508118898e-07
60000,5.56640625,low_y_low_z,-6.243939233289204e-09,3.0016307137497712e-06,8.473958349651763e-07,8.473958349651763e-07
60000,5.56640625,low_y_high_z,-2.1360102587012077e-08,3.0023863837769796e-06,8.449693453166794e-07,8.449693453166794e-07
60000,5.56640625,high_y_low_z,2.8081679129919293e-08,2.9799119631486517e-06,8.462855334206112e-07,8.462855334206112e-07
60000,5.56640625,high_y_high_z,-3.261034870416841e-08,2.996387527938493e-06,8.416942064888935e-07,8.416942064888935e-07
63000,5.8447265625,low_y_low_z,-5.996343083590189e-09,2.8930625550595313e-06,8.898871243371928e-07,8.898871243371928e-07
63000,5.8447265625,low_y_high_z,-2.241499055777059e-08,2.8829404995395664e-06,8.898669811660967e-07,8.898669811660967e-07
63000,5.8447265625,high_y_low_z,1.9573931917175853e-08,2.9079369764940925e-06,8.933917681471279e-07,8.933917681471279e-07
63000,5.8447265625,high_y_high_z,-2.522175980843979e-08,2.880091867210329e-06,8.907986774809489e-07,8.907986774809489e-07
66000,6.123046875,low_y_low_z,-6.134268970973164e-09,2.789169185687006e-06,9.378759229234922e-07,9.378759229234922e-07
66000,6.123046875,low_y_high_z,-1.5526835313502257e-08,2.7774567298967327e-06,9.361278438115366e-07,9.361278438115366e-07
66000,6.123046875,high_y_low_z,1.0756505084012473e-08,2.798014086069197e-06,9.328896570975927e-07,9.328896570975927e-07
66000,6.123046875,high_y_high_z,-2.174734866793896e-08,2.7845016504560985e-06,9.381786612388573e-07,9.381786612388573e-07
69000,6.4013671875,low_y_low_z,3.5689784716069843e-09,2.692525408797108e-06,9.873905361798882e-07,9.873905361798882e-07
69000,6.4013671875,low_y_high_z,-1.2299618703786615e-08,2.6784418425790038e-06,9.792223024466952e-07,9.792223024466952e-07
69000,6.4013671875,high_y_low_z,-1.1902635036826136e-08,2.686182671995479e-06,9.842115823103445e-07,9.842115823103445e-07
69000,6.4013671875,high_y_high_z,-1.4724263972159418e-08,2.682664639721578e-06,9.848525606298956e-07,9.848525606298956e-07
72000,6.6796875,low_y_low_z,-1.159710010454397e-09,2.6187255512738763e-06,1.0356246782662926e-06,1.0356246782662926e-06
72000,6.6796875,low_y_high_z,-2.220157228835104e-09,2.593114970170578e-06,1.0368167456651826e-06,1.0368167456651826e-06
72000,6.6796875,high_y_low_z,2.0897832613940345e-09,2.60955377094216e-06,1.0340538428916892e-06,1.0340538428916892e-06
72000,6.6796875,high_y_high_z,-2.6435422532177063e-08,2.604879538577183e-06,1.0364826045406604e-06,1.0364826045406604e-06
